filename,label
page0_char000.png,uncertain
page1_char000.png,uncertain
page1_char001.png,uncertain
page2_char000.png,uncertain
page2_char001.png,uncertain
page3_char000.png,服
page3_char001.png,麟
page3_char002.png,麒
page3_char003.png,服
page3_char004.png,末
page3_char005.png,每
page3_char006.png,麟
page3_char007.png,上
page3_char008.png,两
page3_char009.png,患
page3_char010.png,各
page3_char011.png,马
page3_char012.png,故
page3_char013.png,每
page3_char014.png,末
page3_char015.png,uncertain
page3_char016.png,散
page3_char017.png,等
page3_char018.png,半
page3_char019.png,uncertain
page3_char020.png,身
page3_char021.png,沸
page3_char022.png,沸
page3_char023.png,也
page3_char024.png,uncertain
page3_char025.png,太
page3_char026.png,水
page3_char027.png,温
page3_char028.png,马
page3_char029.png,两
page3_char030.png,两
page3_char031.png,急
page3_char032.png,uncertain
page3_char033.png,道
page3_char034.png,每
page3_char035.png,嚾
page3_char036.png,没
page3_char037.png,风
page3_char038.png,胎
page3_char039.png,大
page3_char040.png,为
page3_char041.png,辰
page3_char042.png,皮
page3_char043.png,花
page3_char044.png,茴
page3_char045.png,巴
page3_char046.png,五
page3_char047.png,半
page3_char048.png,病
page3_char049.png,牵
page3_char050.png,酒
page3_char051.png,把
page3_char052.png,温
page3_char053.png,肥
page3_char054.png,温
page3_char055.png,麒
page3_char056.png,uncertain
page3_char057.png,宝
page3_char058.png,把
page3_char059.png,钱
page3_char060.png,驹
page3_char061.png,竭
page3_char062.png,散
page3_char063.png,嚾
page3_char064.png,各
page3_char065.png,卢
page3_char066.png,服
page3_char067.png,全
page3_char068.png,口
page3_char069.png,煎
page3_char070.png,猛
page3_char071.png,破
page3_char072.png,等
page3_char073.png,香
page3_char074.png,胎
page3_char075.png,uncertain
page3_char076.png,产
page3_char077.png,uncertain
page3_char078.png,三
page3_char079.png,三
page3_char080.png,侍
page3_char081.png,之
page3_char082.png,气
page3_char083.png,水
page3_char084.png,为
page3_char085.png,不
page3_char086.png,满
page4_char000.png,包
page4_char001.png,验
page4_char002.png,之
page4_char003.png,归
page4_char004.png,速
page4_char005.png,开
page4_char006.png,宜
page4_char007.png,滑
page4_char008.png,衣
page4_char009.png,促
page4_char010.png,恶
page4_char011.png,粗
page4_char012.png,最
page4_char013.png,滋
page4_char014.png,努
page4_char015.png,菜
page4_char016.png,要
page4_char017.png,凡
page4_char018.png,噬
page4_char019.png,益
page4_char020.png,周
page4_char021.png,驹
page4_char022.png,医
page4_char023.png,夫
page4_char024.png,uncertain
page4_char025.png,者
page4_char026.png,取
page4_char027.png,拴
page4_char028.png,淋
page4_char029.png,散
page4_char030.png,生
page4_char031.png,医
page4_char032.png,胀
page4_char033.png,暖
page4_char034.png,医
page4_char035.png,你
page4_char036.png,之
page4_char037.png,uncertain
page4_char038.png,活
page4_char039.png,uncertain
page4_char040.png,包
page4_char041.png,之
page4_char042.png,取
page4_char043.png,之
page4_char044.png,曰
page4_char045.png,痛
page4_char046.png,歌
page4_char047.png,uncertain
page4_char048.png,病
page4_char049.png,未
page4_char050.png,安
page4_char051.png,辰
page4_char052.png,三
page4_char053.png,胎
page4_char054.png,胎
page4_char055.png,水
page4_char056.png,舌
page4_char057.png,煎
page4_char058.png,腹
page4_char059.png,白
page4_char060.png,益
page4_char061.png,状
page4_char062.png,胎
page4_char063.png,伤
page4_char064.png,也
page4_char065.png,有
page4_char066.png,马
page4_char067.png,病
page4_char068.png,轻
page4_char069.png,用
page4_char070.png,出
page4_char071.png,气
page4_char072.png,曰
page4_char073.png,马
page4_char074.png,之
page4_char075.png,嚾
page4_char076.png,取
page4_char077.png,捉
page4_char078.png,胀
page4_char079.png,当
page4_char080.png,动
page4_char081.png,色
page4_char082.png,不
page4_char083.png,伤
page4_char084.png,uncertain
page4_char085.png,须
page4_char086.png,损
page4_char087.png,患
page4_char088.png,蹲
page4_char089.png,腰
page4_char090.png,黄
page4_char091.png,努
page4_char092.png,者
page4_char093.png,道
page4_char094.png,口
page4_char095.png,uncertain
page4_char096.png,法
page4_char097.png,满
page4_char098.png,手
page4_char099.png,uncertain
page4_char100.png,者
page4_char101.png,孕
page4_char102.png,即
page4_char103.png,uncertain
page4_char104.png,溺
page4_char105.png,uncertain
page4_char106.png,水
page4_char107.png,道
page4_char108.png,驹
page4_char109.png,蹲
page4_char110.png,胃
page4_char111.png,蹲
page4_char112.png,工
page4_char113.png,手
page4_char114.png,嚾
page4_char115.png,病
page4_char116.png,月
page4_char117.png,知
page4_char118.png,油
page4_char119.png,不
page4_char120.png,入
page4_char121.png,uncertain
page4_char122.png,难
page4_char123.png,亡
page4_char124.png,本
page4_char125.png,水
page4_char126.png,uncertain
page4_char127.png,之
page4_char128.png,内
page4_char129.png,脉
page4_char130.png,亡
page4_char131.png,须
page4_char132.png,当
page4_char133.png,与
page4_char134.png,腹
page4_char135.png,蜀
page4_char136.png,溺
page4_char137.png,色
page4_char138.png,uncertain
page4_char139.png,归
page4_char140.png,驹
page4_char141.png,知
page4_char142.png,uncertain
page4_char143.png,涂
page4_char144.png,青
page4_char145.png,你
page4_char146.png,驹
page4_char147.png,生
page4_char148.png,药
page4_char149.png,闷
page4_char150.png,皇
page4_char151.png,粗
page4_char152.png,与
page4_char153.png,喘
page4_char154.png,休
page4_char155.png,uncertain
page4_char156.png,安
page4_char157.png,状
page4_char158.png,患
page4_char159.png,兽
page4_char160.png,四
page4_char161.png,努
page4_char162.png,uncertain
page4_char163.png,马
page5_char000.png,养
page5_char001.png,穰
page5_char002.png,uncertain
page5_char003.png,参
page5_char004.png,散
page5_char005.png,拴
page5_char006.png,休
page5_char007.png,胎
page5_char008.png,饮
page5_char009.png,来
page5_char010.png,之
page5_char011.png,散
page5_char012.png,胎
page5_char013.png,者
page5_char014.png,寒
page5_char015.png,散
page5_char016.png,胶
page5_char017.png,人
page5_char018.png,三
page5_char019.png,砂
page5_char020.png,田
page5_char021.png,术
page5_char022.png,安
page5_char023.png,力
page5_char024.png,臣
page5_char025.png,取
page5_char026.png,钱
page5_char027.png,忌
page5_char028.png,加
page5_char029.png,厩
page5_char030.png,散
page5_char031.png,动
page5_char032.png,也
page5_char033.png,图
page5_char034.png,归
page5_char035.png,口
page5_char036.png,为
page5_char037.png,散
page5_char038.png,嚾
page5_char039.png,马
page5_char040.png,白
page5_char041.png,uncertain
page5_char042.png,uncertain
page5_char043.png,之
page5_char044.png,草
page5_char045.png,各
page5_char046.png,芍
page5_char047.png,姜
page5_char048.png,纵
page5_char049.png,草
page5_char050.png,芩
page5_char051.png,皮
page5_char052.png,生
page5_char053.png,马
page5_char054.png,甘
page5_char055.png,忌
page5_char056.png,于
page5_char057.png,uncertain
page5_char058.png,料
page5_char059.png,uncertain
page5_char060.png,uncertain
page5_char061.png,道
page5_char062.png,王
page5_char063.png,紫
page5_char064.png,理
page5_char065.png,胎
page6_char000.png,翘
page6_char001.png,散
page6_char002.png,母
page6_char003.png,为
page6_char004.png,葱
page6_char005.png,酥
page6_char006.png,嚾
page6_char007.png,药
page6_char008.png,半
page6_char009.png,鞍
page6_char010.png,出
page6_char011.png,末
page6_char012.png,第
page6_char013.png,候
page6_char014.png,感
page6_char015.png,者
page6_char016.png,王
page6_char017.png,切
page6_char018.png,来
page6_char019.png,麟
page6_char020.png,连
page6_char021.png,腹
page6_char022.png,患
page6_char023.png,皮
page6_char024.png,益
page6_char025.png,鞍
page6_char026.png,嚾
page6_char027.png,鬼
page6_char028.png,及
page6_char029.png,uncertain
page6_char030.png,嚾
page6_char031.png,皮
page6_char032.png,大
page6_char033.png,有
page6_char034.png,取
page6_char035.png,风
page6_char036.png,升
page6_char037.png,自
page6_char038.png,uncertain
page6_char039.png,破
page6_char040.png,马
page6_char041.png,三
page6_char042.png,乘
page6_char043.png,带
page6_char044.png,调
page6_char045.png,江
page6_char046.png,匈
page6_char047.png,四
page6_char048.png,铜
page6_char049.png,西
page6_char050.png,痛
page6_char051.png,马
page6_char052.png,腹
page6_char053.png,胎
page6_char054.png,煎
page6_char055.png,花
page6_char056.png,漏
page6_char057.png,煎
page6_char058.png,荷
page6_char059.png,两
page6_char060.png,之
page6_char061.png,化
page6_char062.png,没
page6_char063.png,揭
page6_char064.png,散
page6_char065.png,红
page6_char066.png,苏
page6_char067.png,叶
page6_char068.png,木
page6_char069.png,服
page6_char070.png,uncertain
page6_char071.png,孕
page6_char072.png,集
page6_char073.png,白
page6_char074.png,芦
page6_char075.png,月
page6_char076.png,温
page6_char077.png,骨
page6_char078.png,煎
page6_char079.png,药
page6_char080.png,甫
page6_char081.png,外
page6_char082.png,陈
page6_char083.png,温
page6_char084.png,uncertain
page6_char085.png,水
page6_char086.png,皆
page6_char087.png,细
page6_char088.png,风
page6_char089.png,巴
page6_char090.png,孕
page6_char091.png,因
page6_char092.png,顽
page6_char093.png,苏
page6_char094.png,麒
page6_char095.png,也
page6_char096.png,五
page6_char097.png,升
page6_char098.png,吉
page6_char099.png,此
page6_char100.png,夏
page6_char101.png,片
page6_char102.png,参
page6_char103.png,uncertain
page6_char104.png,车
page6_char105.png,败
page6_char106.png,贼
page6_char107.png,前
page6_char108.png,uncertain
page6_char109.png,皮
page6_char110.png,风
page6_char111.png,麒
page6_char112.png,沸
page6_char113.png,田
page6_char114.png,不
page6_char115.png,止
page6_char116.png,青
page6_char117.png,调
page6_char118.png,卸
page6_char119.png,下
page6_char120.png,御
page6_char121.png,人
page6_char122.png,支
page6_char123.png,沸
page6_char124.png,母
page6_char125.png,熟
page6_char126.png,弓
page6_char127.png,败
page6_char128.png,海
page6_char129.png,麟
page6_char130.png,中
page6_char131.png,足
page6_char132.png,风
page6_char133.png,紫
page6_char134.png,不
page6_char135.png,地
page6_char136.png,甜
page7_char000.png,uncertain
page7_char001.png,表
page7_char002.png,直
page7_char003.png,来
page7_char004.png,直
page7_char005.png,疗
page7_char006.png,擦
page7_char007.png,症
page7_char008.png,尾
page7_char009.png,腰
page7_char010.png,痊
page7_char011.png,头
page7_char012.png,风
page7_char013.png,硬
page7_char014.png,硬
page7_char015.png,鞍
page7_char016.png,风
page7_char017.png,高
page7_char018.png,发
page7_char019.png,uncertain
page7_char020.png,风
page7_char021.png,感
page7_char022.png,发
page7_char023.png,日
page7_char024.png,歌
page7_char025.png,者
page7_char026.png,伏
page7_char027.png,之
page7_char028.png,尾
page7_char029.png,症
page7_char030.png,鞍
page7_char031.png,也
page7_char032.png,难
page7_char033.png,曰
page7_char034.png,避
page7_char035.png,曰
page7_char036.png,关
page7_char037.png,延
page7_char038.png,揭
page7_char039.png,uncertain
page7_char040.png,耳
page7_char041.png,传
page7_char042.png,涎
page7_char043.png,家
page7_char044.png,也
page7_char045.png,腰
page7_char046.png,追
page7_char047.png,感
page7_char048.png,麻
page7_char049.png,皆
page7_char050.png,须
page7_char051.png,者
page7_char052.png,患
page7_char053.png,皮
page7_char054.png,兼
page7_char055.png,死
page7_char056.png,者
page7_char057.png,验
page7_char058.png,次
page7_char059.png,风
page7_char060.png,感
page7_char061.png,也
page7_char062.png,鞍
page7_char063.png,风
page7_char064.png,uncertain
page7_char065.png,内
page7_char066.png,眼
page7_char067.png,王
page7_char068.png,内
page7_char069.png,鞍
page7_char070.png,者
page7_char071.png,身
page7_char072.png,之
page7_char073.png,得
page7_char074.png,此
page7_char075.png,尾
page7_char076.png,硬
page7_char077.png,uncertain
page7_char078.png,马
page7_char079.png,风
page7_char080.png,而
page7_char081.png,艮
page7_char082.png,前
page7_char083.png,浑
page7_char084.png,邪
page7_char085.png,凡
page7_char086.png,uncertain
page7_char087.png,水
page7_char088.png,口
page7_char089.png,入
page7_char090.png,治
page7_char091.png,uncertain
page7_char092.png,僵
page7_char093.png,少
page7_char094.png,揭
page7_char095.png,急
page7_char096.png,闪
page7_char097.png,之
page7_char098.png,则
page7_char099.png,脊
page7_char100.png,下
page7_char101.png,从
page7_char102.png,揭
page7_char103.png,散
page7_char104.png,揭
page7_char105.png,开
page7_char106.png,四
page7_char107.png,遍
page7_char108.png,耳
page7_char109.png,风
page7_char110.png,之
page7_char111.png,感
page7_char112.png,会
page7_char113.png,关
page7_char114.png,状
page7_char115.png,uncertain
page7_char116.png,骑
page7_char117.png,鞍
page7_char118.png,歌
page7_char119.png,揭
page7_char120.png,风
page7_char121.png,开
page7_char122.png,外
page7_char123.png,下
page7_char124.png,紧
page7_char125.png,者
page7_char126.png,牙
page7_char127.png,呈
page7_char128.png,汗
page7_char129.png,僵
page7_char130.png,朝
page7_char131.png,板
page7_char132.png,凝
page7_char133.png,曰
page7_char134.png,脊
page7_char135.png,紧
page7_char136.png,板
page7_char137.png,食
page7_char138.png,骨
page7_char139.png,uncertain
page7_char140.png,涎
page7_char141.png,症
page7_char142.png,uncertain
page7_char143.png,项
page7_char144.png,uncertain
page7_char145.png,乐
page7_char146.png,胃
page7_char147.png,揭
page7_char148.png,未
page7_char149.png,难
page7_char150.png,兔
page7_char151.png,肌
page7_char152.png,谓
page7_char153.png,也
page7_char154.png,所
page7_char155.png,uncertain
page7_char156.png,风
page7_char157.png,口
page7_char158.png,攒
page7_char159.png,风
page7_char160.png,有
page7_char161.png,四
page7_char162.png,多
page7_char163.png,硬
page7_char164.png,凡
page7_char165.png,腿
page7_char166.png,卸
page7_char167.png,理
page7_char168.png,uncertain
page7_char169.png,师
page7_char170.png,伯
page7_char171.png,医
page7_char172.png,硬
page7_char173.png,曰
page7_char174.png,有
page7_char175.png,牙
page7_char176.png,不
page7_char177.png,口
page7_char178.png,难
page7_char179.png,也
page7_char180.png,可
page7_char181.png,揭
page7_char182.png,致
page7_char183.png,草
page7_char184.png,者
page7_char185.png,之
page7_char186.png,功
page7_char187.png,腿
page7_char188.png,兔
page7_char189.png,涎
page7_char190.png,二
page7_char191.png,汗
page7_char192.png,uncertain
page8_char000.png,寒
page8_char001.png,追
page8_char002.png,厩
page8_char003.png,耳
page8_char004.png,鹘
page8_char005.png,风
page8_char006.png,散
page8_char007.png,卧
page8_char008.png,朱
page8_char009.png,血
page8_char010.png,直
page8_char011.png,急
page8_char012.png,尾
page8_char013.png,鞍
page8_char014.png,湿
page8_char015.png,吹
page8_char016.png,地
page8_char017.png,走
page8_char018.png,惊
page8_char019.png,法
page8_char020.png,肠
page8_char021.png,骑
page8_char022.png,之
page8_char023.png,忌
page8_char024.png,烙
page8_char025.png,会
page8_char026.png,闭
page8_char027.png,uncertain
page8_char028.png,戒
page8_char029.png,脉
page8_char030.png,拴
page8_char031.png,嚾
page8_char032.png,色
page8_char033.png,关
page8_char034.png,散
page8_char035.png,紧
page8_char036.png,开
page8_char037.png,细
page8_char038.png,之
page8_char039.png,风
page8_char040.png,彻
page8_char041.png,眼
page8_char042.png,鼻
page8_char043.png,砂
page8_char044.png,观
page8_char045.png,暖
page8_char046.png,于
page8_char047.png,穴
page8_char048.png,口
page8_char049.png,之
page8_char050.png,紧
page8_char051.png,曾
page8_char052.png,水
page8_char053.png,风
page8_char054.png,色
page8_char055.png,是
page8_char056.png,uncertain
page8_char057.png,uncertain
page8_char058.png,常
page8_char059.png,息
page8_char060.png,空
page8_char061.png,自
page8_char062.png,免
page8_char063.png,uncertain
page8_char064.png,风
page8_char065.png,理
page8_char066.png,前
page8_char067.png,uncertain
page8_char068.png,内
page8_char069.png,uncertain
page8_char070.png,草
page8_char071.png,散
page8_char072.png,刀
page8_char073.png,方
page8_char074.png,口
page8_char075.png,双
page8_char076.png,必
page8_char077.png,uncertain
page8_char078.png,uncertain
page8_char079.png,鱼
page8_char080.png,治
page8_char081.png,口
page8_char082.png,风
page8_char083.png,料
page8_char084.png,匈
page8_char085.png,涎
page8_char086.png,关
page9_char000.png,uncertain
page9_char001.png,纂
page9_char002.png,雄
page9_char003.png,雄
page9_char004.png,患
page9_char005.png,五
page9_char006.png,马
page9_char007.png,散
page9_char008.png,为
page9_char009.png,黄
page9_char010.png,钱
page9_char011.png,白
page9_char012.png,黄
page9_char013.png,装
page9_char014.png,钱
page9_char015.png,夫
page9_char016.png,攻
page9_char017.png,第
page9_char018.png,砂
page9_char019.png,经
page9_char020.png,共
page9_char021.png,患
page9_char022.png,之
page9_char023.png,服
page9_char024.png,术
page9_char025.png,砂
page9_char026.png,uncertain
page9_char027.png,调
page9_char028.png,董
page9_char029.png,同
page9_char030.png,次
page9_char031.png,每
page9_char032.png,要
page9_char033.png,疗
page9_char034.png,上
page9_char035.png,心
page9_char036.png,服
page9_char037.png,朱
page9_char038.png,发
page9_char039.png,涎
page9_char040.png,病
page9_char041.png,钱
page9_char042.png,之
page9_char043.png,入
page9_char044.png,董
page9_char045.png,传
page9_char046.png,朱
page9_char047.png,两
page9_char048.png,石
page9_char049.png,开
page9_char050.png,风
page9_char051.png,两
page9_char052.png,揭
page9_char053.png,芽
page9_char054.png,微
page9_char055.png,为
page9_char056.png,蒂
page9_char057.png,传
page9_char058.png,细
page9_char059.png,大
page9_char060.png,弓
page9_char061.png,细
page9_char062.png,曰
page9_char063.png,两
page9_char064.png,皂
page9_char065.png,蒙
page9_char066.png,两
page9_char067.png,盛
page9_char068.png,细
page9_char069.png,氧
page9_char070.png,两
page9_char071.png,瓜
page9_char072.png,出
page9_char073.png,四
page9_char074.png,心
page9_char075.png,酒
page9_char076.png,嚾
page9_char077.png,半
page9_char078.png,番
page9_char079.png,者
page9_char080.png,两
page9_char081.png,角
page9_char082.png,砂
page9_char083.png,每
page9_char084.png,钱
page9_char085.png,四
page9_char086.png,芷
page10_char000.png,董
page10_char001.png,攻
page10_char002.png,腹
page10_char003.png,气
page10_char004.png,散
page10_char005.png,肠
page10_char006.png,肺
page10_char007.png,攻
page10_char008.png,载
page10_char009.png,名
page10_char010.png,肠
page10_char011.png,曰
page10_char012.png,宜
page10_char013.png,皮
page10_char014.png,跑
page10_char015.png,痛
page10_char016.png,始
page10_char017.png,顺
page10_char018.png,有
page10_char019.png,兵
page10_char020.png,觑
page10_char021.png,为
page10_char022.png,相
page10_char023.png,名
page10_char024.png,煎
page10_char025.png,兽
page10_char026.png,者
page10_char027.png,良
page10_char028.png,连
page10_char029.png,连
page10_char030.png,痛
page10_char031.png,卧
page10_char032.png,腹
page10_char033.png,顺
page10_char034.png,心
page10_char035.png,章
page10_char036.png,鼻
page10_char037.png,之
page10_char038.png,蹄
page10_char039.png,要
page10_char040.png,酒
page10_char041.png,第
page10_char042.png,芽
page10_char043.png,书
page10_char044.png,眼
page10_char045.png,个
page10_char046.png,章
page10_char047.png,生
page10_char048.png,积
page10_char049.png,有
page10_char050.png,董
page10_char051.png,uncertain
page10_char052.png,禀
page10_char053.png,蹄
page10_char054.png,取
page10_char055.png,骡
page10_char056.png,受
page10_char057.png,谷
page10_char058.png,也
page10_char059.png,气
page10_char060.png,鼻
page10_char061.png,马
page10_char062.png,地
page10_char063.png,中
page10_char064.png,司
page10_char065.png,粗
page10_char066.png,鼻
page10_char067.png,骨
page10_char068.png,者
page10_char069.png,榔
page10_char070.png,中
page10_char071.png,伯
page10_char072.png,连
page10_char073.png,酒
page10_char074.png,諸
page10_char075.png,气
page10_char076.png,中
page10_char077.png,气
page10_char078.png,谓
page10_char079.png,橘
page10_char080.png,顺
page10_char081.png,头
page10_char082.png,医
page10_char083.png,葱
page10_char084.png,足
page10_char085.png,歌
page10_char086.png,窍
page10_char087.png,骨
page10_char088.png,等
page10_char089.png,名
page10_char090.png,中
page10_char091.png,头
page10_char092.png,和
page10_char093.png,出
page10_char094.png,通
page10_char095.png,气
page10_char096.png,也
page10_char097.png,皮
page10_char098.png,微
page10_char099.png,曰
page10_char100.png,发
page10_char101.png,肺
page10_char102.png,攻
page10_char103.png,也
page10_char104.png,芽
page10_char105.png,芽
page10_char106.png,卞
page10_char107.png,未
page10_char108.png,痛
page10_char109.png,而
page10_char110.png,葱
page10_char111.png,气
page10_char112.png,须
page10_char113.png,发
page10_char114.png,而
page10_char115.png,针
page10_char116.png,葱
page10_char117.png,双
page10_char118.png,血
page10_char119.png,董
page10_char120.png,痛
page10_char121.png,肠
page10_char122.png,曰
page10_char123.png,肺
page10_char124.png,uncertain
page10_char125.png,中
page10_char126.png,先
page10_char127.png,正
page10_char128.png,嚾
page10_char129.png,芽
page10_char130.png,橘
page10_char131.png,医
page10_char132.png,中
page10_char133.png,也
page10_char134.png,uncertain
page10_char135.png,王
page10_char136.png,用
page10_char137.png,用
page10_char138.png,纂
page10_char139.png,uncertain
page10_char140.png,卧
page10_char141.png,歌
page10_char142.png,痛
page10_char143.png,uncertain
page10_char144.png,其
page10_char145.png,气
page10_char146.png,俗
page10_char147.png,曰
page10_char148.png,芽
page10_char149.png,卧
page10_char150.png,者
page10_char151.png,痛
page10_char152.png,董
page10_char153.png,嚾
page10_char154.png,中
page10_char155.png,董
page10_char156.png,圣
page10_char157.png,明
page10_char158.png,最
page10_char159.png,作
page10_char160.png,气
page10_char161.png,马
page10_char162.png,风
page10_char163.png,宜
page10_char164.png,次
page10_char165.png,须
page10_char166.png,喘
page10_char167.png,连
page10_char168.png,医
page10_char169.png,似
page10_char170.png,之
page10_char171.png,称
page10_char172.png,微
page10_char173.png,者
page10_char174.png,其
page10_char175.png,一
page10_char176.png,气
page10_char177.png,咋
page10_char178.png,嚾
page11_char000.png,uncertain
page11_char001.png,其
page11_char002.png,异
page11_char003.png,受
page11_char004.png,寒
page11_char005.png,蚕
page11_char006.png,臣
page11_char007.png,揠
page11_char008.png,戒
page11_char009.png,法
page11_char010.png,将
page11_char011.png,名
page11_char012.png,也
page11_char013.png,地
page11_char014.png,热
page11_char015.png,uncertain
page11_char016.png,卧
page11_char017.png,者
page11_char018.png,迟
page11_char019.png,眼
page11_char020.png,反
page11_char021.png,状
page11_char022.png,苗
page11_char023.png,蹄
page11_char024.png,白
page11_char025.png,病
page11_char026.png,者
page11_char027.png,其
page11_char028.png,脾
page11_char029.png,经
page11_char030.png,肋
page11_char031.png,马
page11_char032.png,戒
page11_char033.png,如
page11_char034.png,上
page11_char035.png,咸
page11_char036.png,钩
page11_char037.png,先
page11_char038.png,色
page11_char039.png,长
page11_char040.png,眼
page11_char041.png,骨
page11_char042.png,董
page11_char043.png,连
page11_char044.png,肝
page11_char045.png,曾
page11_char046.png,不
page11_char047.png,也
page11_char048.png,腹
page11_char049.png,金
page11_char050.png,热
page11_char051.png,也
page11_char052.png,二
page11_char053.png,中
page11_char054.png,者
page11_char055.png,害
page11_char056.png,语
page11_char057.png,卧
page11_char058.png,闪
page11_char059.png,骨
page11_char060.png,何
page11_char061.png,此
page11_char062.png,之
page11_char063.png,非
page11_char064.png,且
page11_char065.png,寒
page11_char066.png,曰
page11_char067.png,曰
page11_char068.png,寒
page11_char069.png,道
page11_char070.png,未
page11_char071.png,粗
page11_char072.png,中
page11_char073.png,生
page11_char074.png,患
page11_char075.png,觑
page11_char076.png,又
page11_char077.png,患
page11_char078.png,姜
page11_char079.png,芽
page11_char080.png,曰
page11_char081.png,又
page11_char082.png,下
page11_char083.png,鼻
page11_char084.png,病
page11_char085.png,医
page11_char086.png,霜
page11_char087.png,愈
page11_char088.png,且
page11_char089.png,又
page11_char090.png,又
page11_char091.png,寺
page11_char092.png,凡
page11_char093.png,有
page11_char094.png,董
page11_char095.png,色
page11_char096.png,固
page11_char097.png,眼
page11_char098.png,脉
page11_char099.png,起
page11_char100.png,页
page11_char101.png,去
page11_char102.png,骨
page11_char103.png,何
page11_char104.png,休
page11_char105.png,眼
page11_char106.png,之
page11_char107.png,脉
page11_char108.png,起
page11_char109.png,头
page11_char110.png,胃
page11_char111.png,古
page11_char112.png,遵
page11_char113.png,骨
page11_char114.png,卧
page11_char115.png,有
page12_char000.png,寒
page12_char001.png,服
page12_char002.png,末
page12_char003.png,每
page12_char004.png,不
page12_char005.png,散
page12_char006.png,伯
page12_char007.png,忌
page12_char008.png,甘
page12_char009.png,马
page12_char010.png,方
page12_char011.png,嚾
page12_char012.png,沸
page12_char013.png,溺
page12_char014.png,或
page12_char015.png,或
page12_char016.png,孕
page12_char017.png,散
page12_char018.png,或
page12_char019.png,橘
page12_char020.png,彻
page12_char021.png,每
page12_char022.png,uncertain
page12_char023.png,三
page12_char024.png,夜
page12_char025.png,牵
page12_char026.png,走
page12_char027.png,简
page12_char028.png,青
page12_char029.png,椒
page12_char030.png,香
page12_char031.png,为
page12_char032.png,升
page12_char033.png,饮
page12_char034.png,头
page12_char035.png,衣
page12_char036.png,钱
page12_char037.png,草
page12_char038.png,中
page12_char039.png,之
page12_char040.png,uncertain
page12_char041.png,香
page12_char042.png,气
page12_char043.png,水
page12_char044.png,可
page12_char045.png,当
page12_char046.png,不
page12_char047.png,陈
page12_char048.png,白
page12_char049.png,uncertain
page12_char050.png,散
page12_char051.png,细
page12_char052.png,用
page12_char053.png,三
page12_char054.png,榔
page12_char055.png,卧
page12_char056.png,水
page12_char057.png,痛
page12_char058.png,患
page12_char059.png,出
page12_char060.png,细
page12_char061.png,朴
page12_char062.png,治
page12_char063.png,马
page12_char064.png,大
page12_char065.png,uncertain
page12_char066.png,之
page12_char067.png,uncertain
page12_char068.png,为
page12_char069.png,臣
page12_char070.png,于
page12_char071.png,瓜
page12_char072.png,切
page12_char073.png,胡
page12_char074.png,皮
page12_char075.png,末
page12_char076.png,皂
page12_char077.png,监
page12_char078.png,外
page13_char000.png,顺
page13_char001.png,出
page13_char002.png,散
page13_char003.png,脏
page13_char004.png,脏
page13_char005.png,寒
page13_char006.png,伤
page13_char007.png,uncertain
page13_char008.png,腰
page13_char009.png,腰
page13_char010.png,伤
page13_char011.png,在
page13_char012.png,难
page13_char013.png,曰
page13_char014.png,淤
page13_char015.png,肛
page13_char016.png,风
page13_char017.png,灭
page13_char018.png,头
page13_char019.png,头
page13_char020.png,努
page13_char021.png,也
page13_char022.png,脱
page13_char023.png,皮
page13_char024.png,骤
page13_char025.png,肛
page13_char026.png,头
page13_char027.png,者
page13_char028.png,也
page13_char029.png,肠
page13_char030.png,者
page13_char031.png,努
page13_char032.png,洗
page13_char033.png,上
page13_char034.png,脱
page13_char035.png,连
page13_char036.png,膜
page13_char037.png,关
page13_char038.png,脏
page13_char039.png,时
page13_char040.png,血
page13_char041.png,消
page13_char042.png,吹
page13_char043.png,迟
page13_char044.png,症
page13_char045.png,关
page13_char046.png,口
page13_char047.png,脱
page13_char048.png,尾
page13_char049.png,低
page13_char050.png,之
page13_char051.png,耳
page13_char052.png,底
page13_char053.png,努
page13_char054.png,观
page13_char055.png,细
page13_char056.png,和
page13_char057.png,负
page13_char058.png,穴
page13_char059.png,或
page13_char060.png,骑
page13_char061.png,处
page13_char062.png,净
page13_char063.png,胃
page13_char064.png,搭
page13_char065.png,形
page13_char066.png,凡
page13_char067.png,硬
page13_char068.png,沸
page13_char069.png,焦
page13_char070.png,积
page13_char071.png,虚
page13_char072.png,花
page13_char073.png,气
page13_char074.png,低
page13_char075.png,通
page13_char076.png,师
page13_char077.png,脏
page13_char078.png,气
page13_char079.png,耳
page13_char080.png,因
page13_char081.png,时
page13_char082.png,头
page13_char083.png,出
page13_char084.png,三
page13_char085.png,脊
page13_char086.png,焦
page13_char087.png,健
page13_char088.png,脾
page13_char089.png,脏
page13_char090.png,连
page13_char091.png,脱
page13_char092.png,搭
page13_char093.png,比
page13_char094.png,履
page13_char095.png,之
page13_char096.png,uncertain
page13_char097.png,夜
page13_char098.png,马
page13_char099.png,夫
page13_char100.png,七
page13_char101.png,难
page13_char102.png,之
page13_char103.png,劳
page13_char104.png,黄
page13_char105.png,剪
page13_char106.png,坡
page13_char107.png,汤
page13_char108.png,头
page13_char109.png,弓
page13_char110.png,暖
page13_char111.png,色
page13_char112.png,之
page13_char113.png,力
page13_char114.png,虚
page13_char115.png,臣
page13_char116.png,履
page13_char117.png,肠
page13_char118.png,草
page13_char119.png,患
page13_char120.png,脓
page13_char121.png,而
page13_char122.png,肛
page13_char123.png,弓
page13_char124.png,嚾
page13_char125.png,拽
page13_char126.png,嚾
page13_char127.png,风
page13_char128.png,令
page13_char129.png,散
page13_char130.png,草
page13_char131.png,揭
page13_char132.png,和
page13_char133.png,剪
page13_char134.png,煎
page13_char135.png,皇
page13_char136.png,通
page13_char137.png,忌
page13_char138.png,山
page13_char139.png,通
page13_char140.png,暖
page13_char141.png,收
page13_char142.png,号
page13_char143.png,连
page13_char144.png,洗
page13_char145.png,硬
page13_char146.png,色
page13_char147.png,花
page13_char148.png,炙
page13_char149.png,耳
page13_char150.png,拴
page13_char151.png,功
page13_char152.png,脏
page13_char153.png,口
page13_char154.png,田
page13_char155.png,也
page13_char156.png,高
page13_char157.png,瘦
page13_char158.png,风
page13_char159.png,曰
page13_char160.png,力
page13_char161.png,底
page13_char162.png,冷
page13_char163.png,凹
page13_char164.png,风
page13_char165.png,低
page13_char166.png,履
page13_char167.png,关
page13_char168.png,不
page13_char169.png,于
page13_char170.png,劳
page13_char171.png,努
page13_char172.png,歌
page13_char173.png,山
page13_char174.png,兽
page13_char175.png,uncertain
page13_char176.png,出
page14_char000.png,末
page14_char001.png,为
page14_char002.png,散
page14_char003.png,uncertain
page14_char004.png,大
page14_char005.png,黄
page14_char006.png,脱
page14_char007.png,肛
page14_char008.png,散
page14_char009.png,等
page14_char010.png,半
page14_char011.png,麻
page14_char012.png,生
page14_char013.png,子
page14_char014.png,钱
page14_char015.png,风
page14_char016.png,李
page14_char017.png,之
page14_char018.png,不
page14_char019.png,服
page14_char020.png,上
page14_char021.png,肠
page14_char022.png,椒
page14_char023.png,远
page14_char024.png,风
page14_char025.png,角
page14_char026.png,五
page14_char027.png,分
page14_char028.png,各
page14_char029.png,荆
page14_char030.png,皂
page14_char031.png,花
page14_char032.png,抛
page14_char033.png,木
page14_char034.png,频
page14_char035.png,粪
page14_char036.png,拽
page14_char037.png,盏
page14_char038.png,头
page14_char039.png,努
page14_char040.png,芥
page14_char041.png,每
page14_char042.png,治
page14_char043.png,脏
page14_char044.png,大
page14_char045.png,由
page14_char046.png,uncertain
page14_char047.png,翻
page14_char048.png,马
page14_char049.png,右
page14_char050.png,下
page14_char051.png,马
page14_char052.png,当
page14_char053.png,归
page14_char054.png,连
page14_char055.png,患
page14_char056.png,防
page14_char057.png,之
page14_char058.png,水
page14_char059.png,uncertain
page14_char060.png,子
page14_char061.png,三
page14_char062.png,古
page14_char063.png,风
page14_char064.png,马
page14_char065.png,步
page14_char066.png,艾
page14_char067.png,风
page14_char068.png,升
page14_char069.png,uncertain
page14_char070.png,处
page14_char071.png,角
page14_char072.png,关
page14_char073.png,防
page14_char074.png,通
page15_char000.png,热
page15_char001.png,患
page15_char002.png,血
page15_char003.png,履
page15_char004.png,其
page15_char005.png,兽
page15_char006.png,黑
page15_char007.png,患
page15_char008.png,积
page15_char009.png,在
page15_char010.png,出
page15_char011.png,痰
page15_char012.png,淤
page15_char013.png,蔑
page15_char014.png,血
page15_char015.png,送
page15_char016.png,脏
page15_char017.png,干
page15_char018.png,用
page15_char019.png,彻
page15_char020.png,者
page15_char021.png,头
page15_char022.png,浑
page15_char023.png,由
page15_char024.png,笠
page15_char025.png,极
page15_char026.png,带
page15_char027.png,五
page15_char028.png,uncertain
page15_char029.png,塞
page15_char030.png,通
page15_char031.png,曰
page15_char032.png,通
page15_char033.png,喂
page15_char034.png,申
page15_char035.png,也
page15_char036.png,淤
page15_char037.png,女
page15_char038.png,皮
page15_char039.png,江
page15_char040.png,马
page15_char041.png,之
page15_char042.png,鹘
page15_char043.png,底
page15_char044.png,嚾
page15_char045.png,有
page15_char046.png,再
page15_char047.png,先
page15_char048.png,曰
page15_char049.png,头
page15_char050.png,皆
page15_char051.png,肛
page15_char052.png,汗
page15_char053.png,净
page15_char054.png,舌
page15_char055.png,令
page15_char056.png,uncertain
page15_char057.png,由
page15_char058.png,肉
page15_char059.png,胸
page15_char060.png,因
page15_char061.png,心
page15_char062.png,瘥
page15_char063.png,尾
page15_char064.png,去
page15_char065.png,调
page15_char066.png,不
page15_char067.png,胸
page15_char068.png,豆
page15_char069.png,衣
page15_char070.png,也
page15_char071.png,颤
page15_char072.png,头
page15_char073.png,脓
page15_char074.png,uncertain
page15_char075.png,去
page15_char076.png,粪
page15_char077.png,嚾
page15_char078.png,渣
page15_char079.png,腹
page15_char080.png,论
page15_char081.png,成
page15_char082.png,食
page15_char083.png,人
page15_char084.png,闭
page15_char085.png,鼻
page15_char086.png,汗
page15_char087.png,者
page15_char088.png,盛
page15_char089.png,之
page15_char090.png,入
page15_char091.png,uncertain
page15_char092.png,极
page15_char093.png,淋
page15_char094.png,uncertain
page15_char095.png,夹
page15_char096.png,君
page15_char097.png,调
page15_char098.png,中
page15_char099.png,肉
page15_char100.png,身
page15_char101.png,致
page15_char102.png,者
page15_char103.png,之
page15_char104.png,uncertain
page15_char105.png,也
page15_char106.png,积
page15_char107.png,也
page15_char108.png,水
page15_char109.png,血
page15_char110.png,舌
page15_char111.png,散
page15_char112.png,血
page15_char113.png,黑
page15_char114.png,艮
page15_char115.png,膜
page15_char116.png,之
page15_char117.png,镳
page15_char118.png,uncertain
page15_char119.png,热
page15_char120.png,须
page15_char121.png,骥
page15_char122.png,去
page15_char123.png,盏
page15_char124.png,症
page15_char125.png,浑
page15_char126.png,三
page15_char127.png,出
page15_char128.png,嚾
page15_char129.png,半
page15_char130.png,不
page15_char131.png,中
page15_char132.png,也
page15_char133.png,头
page15_char134.png,雍
page16_char000.png,彻
page16_char001.png,耳
page16_char002.png,粗
page16_char003.png,歌
page16_char004.png,裙
page16_char005.png,曰
page16_char006.png,四
page16_char007.png,嚾
page16_char008.png,处
page16_char009.png,色
page16_char010.png,豆
page16_char011.png,头
page16_char012.png,血
page16_char013.png,脉
page16_char014.png,辟
page16_char015.png,花
page16_char016.png,大
page16_char017.png,出
page16_char018.png,搭
page16_char019.png,水
page16_char020.png,夹
page16_char021.png,色
page16_char022.png,法
page16_char023.png,不
page16_char024.png,牵
page16_char025.png,马
page16_char026.png,衣
page16_char027.png,脉
page16_char028.png,足
page16_char029.png,紫
page16_char030.png,出
page16_char031.png,尾
page16_char032.png,uncertain
page16_char033.png,色
page16_char034.png,uncertain
page16_char035.png,病
page16_char036.png,紧
page16_char037.png,于
page16_char038.png,动
page16_char039.png,难
page16_char040.png,头
page16_char041.png,上
page16_char042.png,血
page16_char043.png,脉
page16_char044.png,浑
page16_char045.png,经
page16_char046.png,黑
page16_char047.png,心
page16_char048.png,血
page16_char049.png,鹘
page16_char050.png,由
page16_char051.png,黄
page16_char052.png,凉
page16_char053.png,月
page16_char054.png,之
page16_char055.png,uncertain
page16_char056.png,者
page16_char057.png,伏
page16_char058.png,上
page16_char059.png,危
page16_char060.png,气
page16_char061.png,心
page16_char062.png,蒙
page16_char063.png,处
page16_char064.png,之
page16_char065.png,低
page16_char066.png,法
page16_char067.png,状
page16_char068.png,者
page16_char069.png,禾
page16_char070.png,血
page16_char071.png,良
page16_char072.png,黑
page16_char073.png,调
page16_char074.png,汗
page16_char075.png,uncertain
page16_char076.png,开
page16_char077.png,三
page16_char078.png,死
page16_char079.png,之
page16_char080.png,脉
page16_char081.png,uncertain
page16_char082.png,卧
page16_char083.png,拴
page16_char084.png,此
page16_char085.png,油
page16_char086.png,身
page16_char087.png,uncertain
page16_char088.png,身
page16_char089.png,血
page16_char090.png,之
page16_char091.png,死
page16_char092.png,芯
page16_char093.png,汗
page17_char000.png,发
page17_char001.png,瘦
page17_char002.png,痛
page17_char003.png,uncertain
page17_char004.png,热
page17_char005.png,患
page17_char006.png,伤
page17_char007.png,方
page17_char008.png,于
page17_char009.png,鞍
page17_char010.png,而
page17_char011.png,雄
page17_char012.png,胯
page17_char013.png,伤
page17_char014.png,马
page17_char015.png,乘
page17_char016.png,忌
page17_char017.png,从
page17_char018.png,腰
page17_char019.png,右
page17_char020.png,老
page17_char021.png,鼻
page17_char022.png,立
page17_char023.png,远
page17_char024.png,砂
page17_char025.png,钱
page17_char026.png,安
page17_char027.png,于
page17_char028.png,淋
page17_char029.png,失
page17_char030.png,要
page17_char031.png,浸
page17_char032.png,拴
page17_char033.png,砂
page17_char034.png,又
page17_char035.png,散
page17_char036.png,者
page17_char037.png,黄
page17_char038.png,茯
page17_char039.png,至
page17_char040.png,钱
page17_char041.png,胯
page17_char042.png,黑
page17_char043.png,瘥
page17_char044.png,盏
page17_char045.png,中
page17_char046.png,周
page17_char047.png,于
page17_char048.png,雨
page17_char049.png,寒
page17_char050.png,刻
page17_char051.png,胯
page17_char052.png,uncertain
page17_char053.png,皆
page17_char054.png,之
page17_char055.png,渡
page17_char056.png,uncertain
page17_char057.png,闪
page17_char058.png,河
page17_char059.png,牵
page17_char060.png,uncertain
page17_char061.png,uncertain
page17_char062.png,粪
page17_char063.png,戒
page17_char064.png,花
page17_char065.png,中
page17_char066.png,带
page17_char067.png,卒
page17_char068.png,伤
page17_char069.png,上
page17_char070.png,内
page17_char071.png,湿
page17_char072.png,汗
page17_char073.png,钱
page17_char074.png,传
page17_char075.png,勿
page17_char076.png,奔
page17_char077.png,之
page17_char078.png,人
page17_char079.png,滞
page17_char080.png,水
page17_char081.png,研
page17_char082.png,失
page17_char083.png,uncertain
page17_char084.png,为
page17_char085.png,uncertain
page17_char086.png,入
page17_char087.png,第
page17_char088.png,水
page17_char089.png,粪
page17_char090.png,uncertain
page17_char091.png,间
page17_char092.png,内
page17_char093.png,uncertain
page17_char094.png,旦
page18_char000.png,寒
page18_char001.png,腰
page18_char002.png,雁
page18_char003.png,翅
page18_char004.png,胯
page18_char005.png,马
page18_char006.png,寒
page18_char007.png,uncertain
page18_char008.png,伤
page18_char009.png,寒
page18_char010.png,频
page18_char011.png,尾
page18_char012.png,uncertain
page18_char013.png,凡
page18_char014.png,严
page18_char015.png,效
page18_char016.png,也
page18_char017.png,痛
page18_char018.png,散
page18_char019.png,翅
page18_char020.png,脊
page18_char021.png,醋
page18_char022.png,气
page18_char023.png,腰
page18_char024.png,腰
page18_char025.png,本
page18_char026.png,者
page18_char027.png,腰
page18_char028.png,热
page18_char029.png,症
page18_char030.png,雁
page18_char031.png,谓
page18_char032.png,疼
page18_char033.png,尾
page18_char034.png,腰
page18_char035.png,马
page18_char036.png,水
page18_char037.png,症
page18_char038.png,头
page18_char039.png,uncertain
page18_char040.png,血
page18_char041.png,效
page18_char042.png,凝
page18_char043.png,麸
page18_char044.png,者
page18_char045.png,温
page18_char046.png,者
page18_char047.png,另
page18_char048.png,曰
page18_char049.png,马
page18_char050.png,腰
page18_char051.png,本
page18_char052.png,腰
page18_char053.png,胯
page18_char054.png,状
page18_char055.png,者
page18_char056.png,肠
page18_char057.png,拖
page18_char058.png,焦
page18_char059.png,者
page18_char060.png,良
page18_char061.png,先
page18_char062.png,此
page18_char063.png,闪
page18_char064.png,把
page18_char065.png,牵
page18_char066.png,低
page18_char067.png,腰
page18_char068.png,uncertain
page18_char069.png,雁
page18_char070.png,uncertain
page18_char071.png,应
page18_char072.png,月
page18_char073.png,痛
page18_char074.png,伤
page18_char075.png,者
page18_char076.png,另
page18_char077.png,曳
page18_char078.png,形
page18_char079.png,凡
page18_char080.png,血
page18_char081.png,食
page18_char082.png,焦
page18_char083.png,胯
page18_char084.png,上
page18_char085.png,者
page18_char086.png,王
page18_char087.png,脉
page18_char088.png,如
page18_char089.png,毛
page18_char090.png,行
page18_char091.png,也
page18_char092.png,拖
page18_char093.png,复
page18_char094.png,治
page18_char095.png,大
page18_char096.png,医
page18_char097.png,邪
page18_char098.png,嚾
page18_char099.png,胯
page18_char100.png,命
page18_char101.png,uncertain
page18_char102.png,彻
page18_char103.png,火
page18_char104.png,分
page18_char105.png,之
page18_char106.png,赢
page18_char107.png,痛
page18_char108.png,低
page18_char109.png,膁
page18_char110.png,歌
page18_char111.png,胯
page18_char112.png,香
page18_char113.png,皇
page18_char114.png,面
page18_char115.png,蜀
page18_char116.png,膁
page18_char117.png,雁
page18_char118.png,口
page18_char119.png,攒
page18_char120.png,前
page18_char121.png,行
page18_char122.png,靸
page18_char123.png,伯
page18_char124.png,煎
page18_char125.png,温
page18_char126.png,口
page18_char127.png,针
page18_char128.png,病
page18_char129.png,搭
page18_char130.png,歌
page19_char000.png,uncertain
page19_char001.png,风
page19_char002.png,寒
page19_char003.png,嚾
page19_char004.png,伤
page19_char005.png,寇
page19_char006.png,子
page19_char007.png,唇
page19_char008.png,吹
page19_char009.png,巷
page19_char010.png,臣
page19_char011.png,脉
page19_char012.png,耳
page19_char013.png,之
page19_char014.png,寒
page19_char015.png,末
page19_char016.png,胯
page19_char017.png,马
page19_char018.png,伤
page19_char019.png,者
page19_char020.png,香
page19_char021.png,舌
page19_char022.png,腰
page19_char023.png,花
page19_char024.png,三
page19_char025.png,腰
page19_char026.png,uncertain
page19_char027.png,头
page19_char028.png,子
page19_char029.png,牵
page19_char030.png,之
page19_char031.png,法
page19_char032.png,忌
page19_char033.png,鲜
page19_char034.png,练
page19_char035.png,膁
page19_char036.png,闪
page19_char037.png,拖
page19_char038.png,理
page19_char039.png,月
page19_char040.png,于
page19_char041.png,巴
page19_char042.png,桂
page19_char043.png,防
page19_char044.png,蒿
page19_char045.png,钱
page19_char046.png,厩
page19_char047.png,uncertain
page19_char048.png,戒
page19_char049.png,每
page19_char050.png,前
page19_char051.png,治
page19_char052.png,者
page19_char053.png,搭
page19_char054.png,于
page19_char055.png,肉
page19_char056.png,卧
page19_char057.png,各
page19_char058.png,寒
page19_char059.png,灌
page19_char060.png,司
page19_char061.png,监
page19_char062.png,附
page19_char063.png,散
page19_char064.png,月
page19_char065.png,伤
page19_char066.png,候
page19_char067.png,冷
page19_char068.png,术
page19_char069.png,形
page19_char070.png,榔
page19_char071.png,一
page19_char072.png,香
page19_char073.png,白
page19_char074.png,升
page19_char075.png,命
page19_char076.png,uncertain
page19_char077.png,本
page19_char078.png,豆
page19_char079.png,uncertain
page19_char080.png,温
page19_char081.png,uncertain
page19_char082.png,两
page19_char083.png,空
page19_char084.png,拖
page20_char000.png,粪
page20_char001.png,粪
page20_char002.png,通
page20_char003.png,酒
page20_char004.png,蒿
page20_char005.png,面
page20_char006.png,捻
page20_char007.png,附
page20_char008.png,蒿
page20_char009.png,麸
page20_char010.png,方
page20_char011.png,冬
page20_char012.png,秋
page20_char013.png,升
page20_char014.png,病
page20_char015.png,气
page20_char016.png,末
page20_char017.png,药
page20_char018.png,飞
page20_char019.png,服
page20_char020.png,白
page20_char021.png,uncertain
page20_char022.png,出
page20_char023.png,温
page20_char024.png,草
page20_char025.png,夏
page20_char026.png,酒
page20_char027.png,带
page20_char028.png,为
page20_char029.png,用
page20_char030.png,本
page20_char031.png,送
page20_char032.png,温
page20_char033.png,牵
page20_char034.png,田
page20_char035.png,巴
page20_char036.png,寒
page20_char037.png,uncertain
page20_char038.png,练
page20_char039.png,为
page20_char040.png,腰
page20_char041.png,白
page20_char042.png,术
page20_char043.png,每
page20_char044.png,抛
page20_char045.png,茉
page20_char046.png,胯
page20_char047.png,候
page20_char048.png,盐
page20_char049.png,隔
page20_char050.png,矣
page20_char051.png,两
page20_char052.png,广
page20_char053.png,uncertain
page20_char054.png,把
page20_char055.png,脏
page20_char056.png,散
page20_char057.png,红
page20_char058.png,之
page20_char059.png,朴
page20_char060.png,木
page20_char061.png,装
page20_char062.png,煎
page20_char063.png,以
page20_char064.png,脚
page20_char065.png,中
page20_char066.png,者
page20_char067.png,调
page20_char068.png,春
page20_char069.png,热
page20_char070.png,白
page20_char071.png,uncertain
page20_char072.png,散
page20_char073.png,凡
page20_char074.png,住
page20_char075.png,醋
page20_char076.png,不
page20_char077.png,盏
page20_char078.png,以
page20_char079.png,殳
page21_char000.png,酒
page21_char001.png,败
page21_char002.png,谓
page21_char003.png,骤
page21_char004.png,论
page21_char005.png,之
page21_char006.png,出
page21_char007.png,曲
page21_char008.png,削
page21_char009.png,把
page21_char010.png,冬
page21_char011.png,热
page21_char012.png,曰
page21_char013.png,血
page21_char014.png,立
page21_char015.png,前
page21_char016.png,味
page21_char017.png,血
page21_char018.png,金
page21_char019.png,血
page21_char020.png,也
page21_char021.png,监
page21_char022.png,后
page21_char023.png,曰
page21_char024.png,腰
page21_char025.png,硬
page21_char026.png,走
page21_char027.png,腰
page21_char028.png,uncertain
page21_char029.png,兽
page21_char030.png,立
page21_char031.png,淤
page21_char032.png,毒
page21_char033.png,草
page21_char034.png,筋
page21_char035.png,uncertain
page21_char036.png,血
page21_char037.png,钱
page21_char038.png,uncertain
page21_char039.png,蹄
page21_char040.png,uncertain
page21_char041.png,衬
page21_char042.png,血
page21_char043.png,矩
page21_char044.png,木
page21_char045.png,膏
page21_char046.png,甲
page21_char047.png,土
page21_char048.png,之
page21_char049.png,贤
page21_char050.png,枯
page21_char051.png,盏
page21_char052.png,凝
page21_char053.png,秋
page21_char054.png,蹄
page21_char055.png,蹄
page21_char056.png,伤
page21_char057.png,uncertain
page21_char058.png,鸟
page21_char059.png,扬
page21_char060.png,得
page21_char061.png,鸟
page21_char062.png,注
page21_char063.png,古
page21_char064.png,之
page21_char065.png,去
page21_char066.png,去
page21_char067.png,上
page21_char068.png,烙
page21_char069.png,攒
page21_char070.png,马
page21_char071.png,伤
page21_char072.png,卧
page21_char073.png,调
page21_char074.png,状
page21_char075.png,此
page21_char076.png,血
page21_char077.png,症
page21_char078.png,也
page21_char079.png,削
page21_char080.png,蹄
page21_char081.png,败
page21_char082.png,骑
page21_char083.png,乘
page21_char084.png,灌
page21_char085.png,焦
page21_char086.png,坚
page21_char087.png,血
page21_char088.png,膏
page21_char089.png,床
page21_char090.png,兔
page21_char091.png,后
page21_char092.png,悲
page21_char093.png,甲
page21_char094.png,丝
page21_char095.png,卒
page21_char096.png,因
page21_char097.png,痛
page21_char098.png,修
page21_char099.png,受
page21_char100.png,丝
page21_char101.png,少
page21_char102.png,工
page21_char103.png,相
page21_char104.png,嚾
page21_char105.png,如
page21_char106.png,学
page21_char107.png,又
page21_char108.png,大
page21_char109.png,甲
page21_char110.png,白
page21_char111.png,捻
page21_char112.png,症
page21_char113.png,致
page21_char114.png,uncertain
page21_char115.png,远
page21_char116.png,温
page21_char117.png,佳
page21_char118.png,源
page21_char119.png,以
page21_char120.png,此
page21_char121.png,焦
page21_char122.png,台
page21_char123.png,散
page21_char124.png,或
page21_char125.png,夏
page21_char126.png,胎
page21_char127.png,病
page21_char128.png,比
page21_char129.png,蹄
page21_char130.png,汤
page21_char131.png,凝
page21_char132.png,蹄
page21_char133.png,凝
page21_char134.png,帝
page21_char135.png,uncertain
page21_char136.png,含
page21_char137.png,末
page21_char138.png,于
page21_char139.png,胎
page22_char000.png,腰
page22_char001.png,平
page22_char002.png,uncertain
page22_char003.png,器
page22_char004.png,头
page22_char005.png,铁
page22_char006.png,损
page22_char007.png,攻
page22_char008.png,火
page22_char009.png,矣
page22_char010.png,卧
page22_char011.png,通
page22_char012.png,痛
page22_char013.png,曲
page22_char014.png,烙
page22_char015.png,伤
page22_char016.png,膊
page22_char017.png,低
page22_char018.png,且
page22_char019.png,妙
page22_char020.png,烙
page22_char021.png,烧
page22_char022.png,泉
page22_char023.png,理
page22_char024.png,攒
page22_char025.png,蹄
page22_char026.png,痛
page22_char027.png,唇
page22_char028.png,立
page22_char029.png,法
page22_char030.png,凡
page22_char031.png,时
page22_char032.png,曰
page22_char033.png,瘥
page22_char034.png,败
page22_char035.png,能
page22_char036.png,蹄
page22_char037.png,修
page22_char038.png,走
page22_char039.png,者
page22_char040.png,削
page22_char041.png,穴
page22_char042.png,皇
page22_char043.png,者
page22_char044.png,口
page22_char045.png,后
page22_char046.png,正
page22_char047.png,脉
page22_char048.png,少
page22_char049.png,鲜
page22_char050.png,王
page22_char051.png,把
page22_char052.png,uncertain
page22_char053.png,膏
page22_char054.png,起
page22_char055.png,修
page22_char056.png,鸟
page22_char057.png,血
page22_char058.png,uncertain
page22_char059.png,交
page22_char060.png,厩
page22_char061.png,也
page22_char062.png,金
page22_char063.png,令
page22_char064.png,蹄
page22_char065.png,明
page22_char066.png,东
page22_char067.png,色
page22_char068.png,血
page22_char069.png,涂
page22_char070.png,关
page22_char071.png,曰
page22_char072.png,于
page22_char073.png,治
page22_char074.png,鸟
page22_char075.png,之
page22_char076.png,蹄
page22_char077.png,唇
page22_char078.png,勿
page22_char079.png,uncertain
page22_char080.png,uncertain
page22_char081.png,败
page22_char082.png,于
page22_char083.png,uncertain
page22_char084.png,固
page22_char085.png,膏
page22_char086.png,艮
page22_char087.png,uncertain
page22_char088.png,师
page22_char089.png,缘
page22_char090.png,前
page23_char000.png,器
page23_char001.png,uncertain
page23_char002.png,uncertain
page23_char003.png,铁
page23_char004.png,凝
page23_char005.png,骤
page23_char006.png,也
page23_char007.png,uncertain
page23_char008.png,马
page23_char009.png,蹄
page23_char010.png,清
page23_char011.png,寒
page23_char012.png,纵
page23_char013.png,频
page23_char014.png,之
page23_char015.png,紫
page23_char016.png,蹄
page23_char017.png,猪
page23_char018.png,马
page23_char019.png,太
page23_char020.png,用
page23_char021.png,头
page23_char022.png,寒
page23_char023.png,患
page23_char024.png,于
page23_char025.png,吐
page23_char026.png,骑
page23_char027.png,肺
page23_char028.png,肺
page23_char029.png,肺
page23_char030.png,沫
page23_char031.png,夫
page23_char032.png,陈
page23_char033.png,急
page23_char034.png,沫
page23_char035.png,经
page23_char036.png,卷
page23_char037.png,窍
page23_char038.png,力
page23_char039.png,矿
page23_char040.png,遇
page23_char041.png,调
page23_char042.png,也
page23_char043.png,肺
page23_char044.png,此
page23_char045.png,者
page23_char046.png,灰
page23_char047.png,寒
page23_char048.png,烙
page23_char049.png,乘
page23_char050.png,之
page23_char051.png,伤
page23_char052.png,脂
page23_char053.png,灰
page23_char054.png,可
page23_char055.png,症
page23_char056.png,十
page23_char057.png,己
page23_char058.png,精
page23_char059.png,于
page23_char060.png,削
page23_char061.png,第
page23_char062.png,造
page23_char063.png,利
page23_char064.png,曰
page23_char065.png,散
page23_char066.png,硬
page23_char067.png,吐
page23_char068.png,沫
page23_char069.png,烧
page23_char070.png,郊
page23_char071.png,毒
page23_char072.png,出
page23_char073.png,齿
page23_char074.png,不
page23_char075.png,涎
page23_char076.png,父
page23_char077.png,口
page23_char078.png,频
page23_char079.png,夏
page23_char080.png,蹄
page23_char081.png,吐
page23_char082.png,地
page23_char083.png,理
page23_char084.png,蹄
page23_char085.png,黄
page23_char086.png,皆
page23_char087.png,火
page23_char088.png,青
page23_char089.png,甲
page23_char090.png,受
page23_char091.png,书
page23_char092.png,肺
page23_char093.png,剉
page23_char094.png,夜
page23_char095.png,难
page23_char096.png,中
page23_char097.png,之
page24_char000.png,血
page24_char001.png,寒
page24_char002.png,马
page24_char003.png,伏
page24_char004.png,uncertain
page24_char005.png,热
page24_char006.png,顺
page24_char007.png,若
page24_char008.png,清
page24_char009.png,液
page24_char010.png,寒
page24_char011.png,舌
page24_char012.png,凡
page24_char013.png,之
page24_char014.png,病
page24_char015.png,满
page24_char016.png,不
page24_char017.png,痰
page24_char018.png,涎
page24_char019.png,酸
page24_char020.png,化
page24_char021.png,肺
page24_char022.png,耳
page24_char023.png,生
page24_char024.png,酌
page24_char025.png,低
page24_char026.png,液
page24_char027.png,和
page24_char028.png,内
page24_char029.png,浑
page24_char030.png,相
page24_char031.png,绵
page24_char032.png,口
page24_char033.png,棚
page24_char034.png,滋
page24_char035.png,气
page24_char036.png,津
page24_char037.png,此
page24_char038.png,作
page24_char039.png,症
page24_char040.png,气
page24_char041.png,与
page24_char042.png,市
page24_char043.png,清
page24_char044.png,白
page24_char045.png,也
page24_char046.png,下
page24_char047.png,清
page24_char048.png,肺
page24_char049.png,痰
page24_char050.png,错
page24_char051.png,经
page24_char052.png,吐
page24_char053.png,者
page24_char054.png,同
page24_char055.png,uncertain
page24_char056.png,状
page24_char057.png,唇
page24_char058.png,疮
page24_char059.png,者
page24_char060.png,远
page24_char061.png,边
page24_char062.png,曰
page24_char063.png,似
page24_char064.png,曹
page24_char065.png,皇
page24_char066.png,勿
page24_char067.png,生
page24_char068.png,自
page24_char069.png,永
page24_char070.png,形
page24_char071.png,气
page24_char072.png,沫
page24_char073.png,雪
page24_char074.png,涎
page24_char075.png,口
page24_char076.png,理
page24_char077.png,痰
page24_char078.png,口
page24_char079.png,心
page24_char080.png,清
page24_char081.png,热
page24_char082.png,痊
page24_char083.png,得
page24_char084.png,uncertain
page24_char085.png,皇
page24_char086.png,津
page24_char087.png,uncertain
page25_char000.png,水
page25_char001.png,散
page25_char002.png,寒
page25_char003.png,厩
page25_char004.png,饮
page25_char005.png,麻
page25_char006.png,或
page25_char007.png,面
page25_char008.png,耳
page25_char009.png,天
page25_char010.png,夏
page25_char011.png,脏
page25_char012.png,莫
page25_char013.png,者
page25_char014.png,患
page25_char015.png,匙
page25_char016.png,疗
page25_char017.png,症
page25_char018.png,败
page25_char019.png,患
page25_char020.png,时
page25_char021.png,暑
page25_char022.png,内
page25_char023.png,末
page25_char024.png,也
page25_char025.png,寒
page25_char026.png,酸
page25_char027.png,散
page25_char028.png,董
page25_char029.png,每
page25_char030.png,症
page25_char031.png,唇
page25_char032.png,蜂
page25_char033.png,风
page25_char034.png,脉
page25_char035.png,月
page25_char036.png,骥
page25_char037.png,也
page25_char038.png,慢
page25_char039.png,俱
page25_char040.png,嚾
page25_char041.png,白
page25_char042.png,赤
page25_char043.png,伤
page25_char044.png,无
page25_char045.png,uncertain
page25_char046.png,伤
page25_char047.png,野
page25_char048.png,服
page25_char049.png,遇
page25_char050.png,升
page25_char051.png,涎
page25_char052.png,炎
page25_char053.png,热
page25_char054.png,忌
page25_char055.png,传
page25_char056.png,uncertain
page25_char057.png,半
page25_char058.png,则
page25_char059.png,肺
page25_char060.png,右
page25_char061.png,过
page25_char062.png,歌
page25_char063.png,第
page25_char064.png,乘
page25_char065.png,防
page25_char066.png,衰
page25_char067.png,放
page25_char068.png,分
page25_char069.png,疮
page25_char070.png,其
page25_char071.png,太
page25_char072.png,艮
page25_char073.png,兽
page25_char074.png,uncertain
page25_char075.png,五
page25_char076.png,此
page25_char077.png,倦
page25_char078.png,十
page25_char079.png,方
page25_char080.png,出
page25_char081.png,夏
page25_char082.png,脾
page25_char083.png,脉
page25_char084.png,太
page25_char085.png,口
page25_char086.png,五
page25_char087.png,者
page25_char088.png,症
page25_char089.png,淋
page25_char090.png,两
page25_char091.png,吐
page25_char092.png,肝
page25_char093.png,心
page25_char094.png,症
page25_char095.png,uncertain
page25_char096.png,雨
page25_char097.png,胃
page25_char098.png,毛
page25_char099.png,膁
page25_char100.png,之
page25_char101.png,艮
page25_char102.png,口
page25_char103.png,搭
page25_char104.png,五
page25_char105.png,角
page25_char106.png,嚾
page25_char107.png,多
page25_char108.png,者
page25_char109.png,肺
page25_char110.png,脉
page25_char111.png,危
page25_char112.png,为
page25_char113.png,低
page25_char114.png,经
page25_char115.png,驼
page25_char116.png,口
page25_char117.png,乘
page25_char118.png,令
page25_char119.png,经
page25_char120.png,热
page25_char121.png,之
page25_char122.png,因
page25_char123.png,半
page25_char124.png,立
page25_char125.png,色
page25_char126.png,调
page25_char127.png,痰
page25_char128.png,浆
page25_char129.png,沫
page25_char130.png,鼻
page26_char000.png,无
page26_char001.png,唇
page26_char002.png,般
page26_char003.png,总
page26_char004.png,头
page26_char005.png,头
page26_char006.png,虚
page26_char007.png,症
page26_char008.png,丹
page26_char009.png,头
page26_char010.png,凡
page26_char011.png,耳
page26_char012.png,胜
page26_char013.png,病
page26_char014.png,病
page26_char015.png,难
page26_char016.png,也
page26_char017.png,卷
page26_char018.png,望
page26_char019.png,闭
page26_char020.png,状
page26_char021.png,艮
page26_char022.png,串
page26_char023.png,者
page26_char024.png,虽
page26_char025.png,缘
page26_char026.png,也
page26_char027.png,五
page26_char028.png,肺
page26_char029.png,唇
page26_char030.png,脉
page26_char031.png,uncertain
page26_char032.png,蚕
page26_char033.png,过
page26_char034.png,睁
page26_char035.png,王
page26_char036.png,医
page26_char037.png,腧
page26_char038.png,不
page26_char039.png,秋
page26_char040.png,白
page26_char041.png,眼
page26_char042.png,uncertain
page26_char043.png,命
page26_char044.png,退
page26_char045.png,亦
page26_char046.png,uncertain
page26_char047.png,者
page26_char048.png,者
page26_char049.png,色
page26_char050.png,治
page26_char051.png,从
page26_char052.png,草
page26_char053.png,支
page26_char054.png,症
page26_char055.png,衰
page26_char056.png,马
page26_char057.png,地
page26_char058.png,医
page26_char059.png,秋
page26_char060.png,uncertain
page26_char061.png,宵
page26_char062.png,力
page26_char063.png,uncertain
page26_char064.png,如
page26_char065.png,者
page26_char066.png,者
page26_char067.png,虚
page26_char068.png,败
page26_char069.png,衰
page26_char070.png,症
page26_char071.png,uncertain
page26_char072.png,uncertain
page26_char073.png,uncertain
page26_char074.png,uncertain
page26_char075.png,uncertain
page26_char076.png,uncertain
page26_char077.png,uncertain
page26_char078.png,uncertain
page26_char079.png,uncertain
page26_char080.png,uncertain
page26_char081.png,uncertain
page26_char082.png,uncertain
page26_char083.png,uncertain
page26_char084.png,uncertain
page26_char085.png,uncertain
page26_char086.png,uncertain
page26_char087.png,uncertain
page26_char088.png,uncertain
page26_char089.png,uncertain
page26_char090.png,/
page26_char091.png,uncertain
page26_char092.png,uncertain
page26_char093.png,四
page26_char094.png,治
page26_char095.png,搭
page26_char096.png,肝
page26_char097.png,口
page26_char098.png,也
page26_char099.png,胞
page26_char100.png,怠
page26_char101.png,存
page26_char102.png,富
page26_char103.png,慢
page26_char104.png,uncertain
page26_char105.png,者
page26_char106.png,脉
page26_char107.png,野
page26_char108.png,露
page26_char109.png,寒
page27_char000.png,粗
page27_char001.png,血
page27_char002.png,颓
page27_char003.png,uncertain
page27_char004.png,也
page27_char005.png,眼
page27_char006.png,患
page27_char007.png,衰
page27_char008.png,虽
page27_char009.png,颡
page27_char010.png,uncertain
page27_char011.png,骑
page27_char012.png,隔
page27_char013.png,曰
page27_char014.png,脏
page27_char015.png,十
page27_char016.png,头
page27_char017.png,之
page27_char018.png,太
page27_char019.png,盛
page27_char020.png,第
page27_char021.png,微
page27_char022.png,者
page27_char023.png,五
page27_char024.png,也
page27_char025.png,出
page27_char026.png,倦
page27_char027.png,草
page27_char028.png,重
page27_char029.png,肺
page27_char030.png,喘
page27_char031.png,也
page27_char032.png,逢
page27_char033.png,也
page27_char034.png,连
page27_char035.png,败
page27_char036.png,伤
page27_char037.png,盛
page27_char038.png,乘
page27_char039.png,因
page27_char040.png,气
page27_char041.png,月
page27_char042.png,伤
page27_char043.png,微
page27_char044.png,胀
page27_char045.png,曰
page27_char046.png,uncertain
page27_char047.png,uncertain
page27_char048.png,秋
page27_char049.png,马
page27_char050.png,罗
page27_char051.png,曰
page27_char052.png,饱
page27_char053.png,uncertain
page27_char054.png,胞
page27_char055.png,绝
page27_char056.png,症
page27_char057.png,白
page27_char058.png,趟
page27_char059.png,方
page27_char060.png,者
page27_char061.png,必
page27_char062.png,伤
page27_char063.png,uncertain
page27_char064.png,破
page27_char065.png,症
page27_char066.png,肉
page27_char067.png,通
page27_char068.png,有
page27_char069.png,低
page27_char070.png,肺
page27_char071.png,唇
page27_char072.png,曰
page27_char073.png,绵
page27_char074.png,食
page27_char075.png,命
page27_char076.png,症
page27_char077.png,兽
page27_char078.png,伯
page27_char079.png,眼
page27_char080.png,细
page27_char081.png,如
page27_char082.png,木
page27_char083.png,秋
page27_char084.png,无
page27_char085.png,uncertain
page27_char086.png,蚕
page27_char087.png,烈
page27_char088.png,卧
page27_char089.png,治
page27_char090.png,症
page27_char091.png,促
page27_char092.png,令
page27_char093.png,饱
page27_char094.png,嗽
page27_char095.png,凡
page27_char096.png,色
page27_char097.png,论
page27_char098.png,氏
page27_char099.png,下
page27_char100.png,无
page27_char101.png,经
page27_char102.png,卧
page27_char103.png,双
page27_char104.png,红
page27_char105.png,十
page27_char106.png,名
page27_char107.png,咽
page27_char108.png,口
page27_char109.png,肿
page27_char110.png,流
page27_char111.png,色
page27_char112.png,膈
page27_char113.png,皆
page27_char114.png,望
page27_char115.png,太
page27_char116.png,黄
page27_char117.png,败
page27_char118.png,论
page27_char119.png,胡
page27_char120.png,卿
page27_char121.png,搭
page27_char122.png,危
page27_char123.png,二
page27_char124.png,肿
page27_char125.png,此
page27_char126.png,马
page27_char127.png,逢
page27_char128.png,耳
page27_char129.png,痴
page27_char130.png,白
page28_char000.png,uncertain
page28_char001.png,喉
page28_char002.png,也
page28_char003.png,破
page28_char004.png,血
page28_char005.png,难
page28_char006.png,师
page28_char007.png,般
page28_char008.png,治
page28_char009.png,方
page28_char010.png,状
page28_char011.png,鲜
page28_char012.png,喘
page28_char013.png,前
page28_char014.png,脏
page28_char015.png,色
page28_char016.png,良
page28_char017.png,油
page28_char018.png,出
page28_char019.png,嗽
page28_char020.png,气
page28_char021.png,王
page28_char022.png,以
page28_char023.png,肺
page28_char024.png,伤
page28_char025.png,胸
page28_char026.png,伤
page28_char027.png,血
page28_char028.png,观
page28_char029.png,胸
page28_char030.png,口
page28_char031.png,出
page28_char032.png,患
page28_char033.png,枯
page28_char034.png,须
page28_char035.png,肺
page28_char036.png,肉
page28_char037.png,开
page28_char038.png,复
page28_char039.png,自
page28_char040.png,uncertain
page28_char041.png,鼻
page28_char042.png,者
page28_char043.png,唇
page28_char044.png,颡
page28_char045.png,浑
page28_char046.png,五
page28_char047.png,肺
page28_char048.png,膈
page28_char049.png,颤
page28_char050.png,粗
page28_char051.png,起
page28_char052.png,者
page28_char053.png,罗
page28_char054.png,油
page28_char055.png,色
page28_char056.png,连
page28_char057.png,皇
page28_char058.png,uncertain
page28_char059.png,uncertain
page28_char060.png,颤
page28_char061.png,亡
page28_char062.png,浆
page28_char063.png,症
page28_char064.png,声
page28_char065.png,uncertain
page28_char066.png,论
page28_char067.png,出
page28_char068.png,uncertain
page28_char069.png,无
page28_char070.png,红
page28_char071.png,中
page28_char072.png,师
page29_char000.png,运
page29_char001.png,脏
page29_char002.png,亏
page29_char003.png,更
page29_char004.png,uncertain
page29_char005.png,肠
page29_char006.png,滲
page29_char007.png,uncertain
page29_char008.png,醉
page29_char009.png,饮
page29_char010.png,散
page29_char011.png,血
page29_char012.png,集
page29_char013.png,渴
page29_char014.png,犬
page29_char015.png,膈
page29_char016.png,饮
page29_char017.png,五
page29_char018.png,血
page29_char019.png,伤
page29_char020.png,患
page29_char021.png,中
page29_char022.png,骑
page29_char023.png,uncertain
page29_char024.png,两
page29_char025.png,肠
page29_char026.png,生
page29_char027.png,过
page29_char028.png,遵
page29_char029.png,无
page29_char030.png,掠
page29_char031.png,口
page29_char032.png,肠
page29_char033.png,肝
page29_char034.png,谓
page29_char035.png,塞
page29_char036.png,虚
page29_char037.png,久
page29_char038.png,绝
page29_char039.png,下
page29_char040.png,曰
page29_char041.png,无
page29_char042.png,唇
page29_char043.png,出
page29_char044.png,泪
page29_char045.png,状
page29_char046.png,虾
page29_char047.png,马
page29_char048.png,十
page29_char049.png,肝
page29_char050.png,汗
page29_char051.png,失
page29_char052.png,水
page29_char053.png,积
page29_char054.png,休
page29_char055.png,皇
page29_char056.png,掠
page29_char057.png,沁
page29_char058.png,教
page29_char059.png,过
page29_char060.png,醉
page29_char061.png,胱
page29_char062.png,uncertain
page29_char063.png,胸
page29_char064.png,痴
page29_char065.png,失
page29_char066.png,伤
page29_char067.png,经
page29_char068.png,逢
page29_char069.png,兽
page29_char070.png,uncertain
page29_char071.png,者
page29_char072.png,者
page29_char073.png,如
page29_char074.png,水
page29_char075.png,水
page29_char076.png,之
page29_char077.png,回
page29_char078.png,则
page29_char079.png,如
page29_char080.png,鼻
page29_char081.png,照
page29_char082.png,浑
page29_char083.png,痴
page29_char084.png,膈
page29_char085.png,饮
page29_char086.png,膀
page29_char087.png,肉
page29_char088.png,水
page29_char089.png,水
page29_char090.png,道
page29_char091.png,如
page29_char092.png,肝
page29_char093.png,醉
page29_char094.png,颤
page29_char095.png,也
page29_char096.png,uncertain
page30_char000.png,uncertain
page30_char001.png,盛
page30_char002.png,也
page30_char003.png,难
page30_char004.png,血
page30_char005.png,氏
page30_char006.png,色
page30_char007.png,歌
page30_char008.png,马
page30_char009.png,死
page30_char010.png,曰
page30_char011.png,直
page30_char012.png,目
page30_char013.png,不
page30_char014.png,曰
page30_char015.png,月
page30_char016.png,无
page30_char017.png,色
page30_char018.png,也
page30_char019.png,者
page30_char020.png,出
page30_char021.png,趟
page30_char022.png,煤
page30_char023.png,蚕
page30_char024.png,形
page30_char025.png,绝
page30_char026.png,气
page30_char027.png,血
page30_char028.png,色
page30_char029.png,回
page30_char030.png,蚕
page30_char031.png,回
page30_char032.png,出
page30_char033.png,脉
page30_char034.png,救
page30_char035.png,蜱
page30_char036.png,牵
page30_char037.png,医
page30_char038.png,良
page30_char039.png,身
page30_char040.png,不
page30_char041.png,之
page30_char042.png,水
page30_char043.png,uncertain
page30_char044.png,太
page30_char045.png,伤
page30_char046.png,uncertain
page30_char047.png,汗
page30_char048.png,难
page30_char049.png,马
page30_char050.png,uncertain
page30_char051.png,醉
page30_char052.png,uncertain
page30_char053.png,uncertain
page30_char054.png,凡
page30_char055.png,血
page30_char056.png,屋
page30_char057.png,出
page30_char058.png,汗
page30_char059.png,uncertain
page30_char060.png,犬
page30_char061.png,鼻
page30_char062.png,uncertain
page30_char063.png,化
page30_char064.png,贝
page30_char065.png,青
page30_char066.png,漏
page30_char067.png,十
page30_char068.png,所
page30_char069.png,中
page30_char070.png,患
page30_char071.png,醉
page30_char072.png,似
page30_char073.png,脉
page30_char074.png,王
page30_char075.png,口
page30_char076.png,卧
page30_char077.png,炲
page30_char078.png,难
page30_char079.png,uncertain
page30_char080.png,无
page30_char081.png,uncertain
page30_char082.png,水
page30_char083.png,死
page31_char000.png,地
page31_char001.png,忽
page31_char002.png,兽
page31_char003.png,锥
page31_char004.png,谓
page31_char005.png,盛
page31_char006.png,汤
page31_char007.png,草
page31_char008.png,草
page31_char009.png,咎
page31_char010.png,养
page31_char011.png,满
page31_char012.png,镳
page31_char013.png,时
page31_char014.png,取
page31_char015.png,红
page31_char016.png,足
page31_char017.png,骥
page31_char018.png,骐
page31_char019.png,正
page31_char020.png,隐
page31_char021.png,曰
page31_char022.png,蜱
page31_char023.png,阴
page31_char024.png,生
page31_char025.png,脉
page31_char026.png,垢
page31_char027.png,混
page31_char028.png,者
page31_char029.png,骥
page31_char030.png,者
page31_char031.png,洗
page31_char032.png,厩
page31_char033.png,气
page31_char034.png,喂
page31_char035.png,空
page31_char036.png,不
page31_char037.png,而
page31_char038.png,失
page31_char039.png,蝎
page31_char040.png,光
page31_char041.png,痞
page31_char042.png,太
page31_char043.png,下
page31_char044.png,此
page31_char045.png,uncertain
page31_char046.png,水
page31_char047.png,出
page31_char048.png,肉
page31_char049.png,癫
page31_char050.png,皇
page31_char051.png,医
page31_char052.png,咬
page31_char053.png,无
page31_char054.png,休
page31_char055.png,有
page31_char056.png,医
page31_char057.png,水
page31_char058.png,观
page31_char059.png,仰
page31_char060.png,稍
page31_char061.png,学
page31_char062.png,咬
page31_char063.png,上
page31_char064.png,尿
page31_char065.png,寻
page31_char066.png,倒
page31_char067.png,散
page31_char068.png,摘
page31_char069.png,望
page31_char070.png,蜱
page31_char071.png,便
page31_char072.png,有
page31_char073.png,之
page31_char074.png,后
page31_char075.png,咬
page31_char076.png,痊
page31_char077.png,由
page31_char078.png,uncertain
page31_char079.png,论
page31_char080.png,俱
page31_char081.png,卧
page31_char082.png,藏
page31_char083.png,凡
page31_char084.png,天
page31_char085.png,动
page31_char086.png,如
page31_char087.png,在
page31_char088.png,uncertain
page31_char089.png,uncertain
page31_char090.png,uncertain
page31_char091.png,攻
page31_char092.png,由
page31_char093.png,肿
page31_char094.png,去
page31_char095.png,矣
page31_char096.png,之
page31_char097.png,也
page31_char098.png,相
page31_char099.png,肌
page31_char100.png,虫
page31_char101.png,如
page31_char102.png,中
page31_char103.png,其
page31_char104.png,马
page31_char105.png,师
page31_char106.png,口
page31_char107.png,劳
page31_char108.png,uncertain
page31_char109.png,uncertain
page31_char110.png,四
page31_char111.png,浴
page31_char112.png,皆
page31_char113.png,虫
page31_char114.png,相
page31_char115.png,去
page31_char116.png,时
page31_char117.png,湿
page31_char118.png,溺
page31_char119.png,者
page31_char120.png,uncertain
page31_char121.png,晚
page31_char122.png,平
page31_char123.png,似
page32_char000.png,uncertain
page32_char001.png,鹤
page32_char002.png,uncertain
page32_char003.png,虫
page32_char004.png,uncertain
page32_char005.png,草
page32_char006.png,忽
page32_char007.png,拴
page32_char008.png,仰
page32_char009.png,咀
page32_char010.png,系
page32_char011.png,紧
page32_char012.png,冬
page32_char013.png,观
page32_char014.png,之
page32_char015.png,散
page32_char016.png,汤
page32_char017.png,复
page32_char018.png,洗
page32_char019.png,正
page32_char020.png,形
page32_char021.png,室
page32_char022.png,虫
page32_char023.png,uncertain
page32_char024.png,棚
page32_char025.png,贯
page32_char026.png,脉
page32_char027.png,双
page32_char028.png,杀
page32_char029.png,忌
page32_char030.png,内
page32_char031.png,平
page32_char032.png,夏
page32_char033.png,法
page32_char034.png,uncertain
page32_char035.png,口
page32_char036.png,臭
page32_char037.png,净
page32_char038.png,粪
page32_char039.png,uncertain
page32_char040.png,足
page32_char041.png,之
page32_char042.png,水
page32_char043.png,右
page32_char044.png,之
page32_char045.png,uncertain
page32_char046.png,仲
page32_char047.png,风
page32_char048.png,和
page32_char049.png,口
page32_char050.png,蜱
page32_char051.png,如
page33_char000.png,骥
page33_char001.png,兽
page33_char002.png,者
page33_char003.png,肠
page33_char004.png,胀
page33_char005.png,臆
page33_char006.png,天
page33_char007.png,腹
page33_char008.png,散
page33_char009.png,粪
page33_char010.png,尺
page33_char011.png,肠
page33_char012.png,五
page33_char013.png,而
page33_char014.png,咸
page33_char015.png,聚
page33_char016.png,喘
page33_char017.png,又
page33_char018.png,虎
page33_char019.png,臆
page33_char020.png,乘
page33_char021.png,足
page33_char022.png,安
page33_char023.png,兽
page33_char024.png,uncertain
page33_char025.png,uncertain
page33_char026.png,臆
page33_char027.png,经
page33_char028.png,者
page33_char029.png,药
page33_char030.png,粗
page33_char031.png,痰
page33_char032.png,致
page33_char033.png,胸
page33_char034.png,结
page33_char035.png,也
page33_char036.png,安
page33_char037.png,生
page33_char038.png,观
page33_char039.png,者
page33_char040.png,曰
page33_char041.png,汤
page33_char042.png,散
page33_char043.png,马
page33_char044.png,结
page33_char045.png,定
page33_char046.png,其
page33_char047.png,四
page33_char048.png,肠
page33_char049.png,患
page33_char050.png,息
page33_char051.png,uncertain
page33_char052.png,翻
page33_char053.png,龙
page33_char054.png,未
page33_char055.png,不
page33_char056.png,过
page33_char057.png,通
page33_char058.png,集
page33_char059.png,跑
page33_char060.png,天
page33_char061.png,草
page33_char062.png,肠
page33_char063.png,牵
page33_char064.png,口
page33_char065.png,饱
page33_char066.png,右
page33_char067.png,卧
page33_char068.png,关
page33_char069.png,促
page33_char070.png,胸
page33_char071.png,前
page33_char072.png,骤
page33_char073.png,缚
page33_char074.png,行
page33_char075.png,久
page33_char076.png,倒
page33_char077.png,结
page33_char078.png,令
page33_char079.png,仰
page33_char080.png,十
page33_char081.png,起
page33_char082.png,uncertain
page33_char083.png,结
page33_char084.png,气
page33_char085.png,也
page33_char086.png,况
page33_char087.png,青
page33_char088.png,uncertain
page33_char089.png,后
page33_char090.png,又
page33_char091.png,服
page33_char092.png,也
page33_char093.png,紧
page33_char094.png,通
page33_char095.png,虎
page33_char096.png,前
page33_char097.png,咬
page33_char098.png,龙
page33_char099.png,口
page33_char100.png,洗
page33_char101.png,关
page33_char102.png,料
page33_char103.png,三
page33_char104.png,症
page33_char105.png,复
page33_char106.png,师
page33_char107.png,药
page33_char108.png,将
page33_char109.png,仰
page33_char110.png,兼
page33_char111.png,骑
page33_char112.png,经
page33_char113.png,骑
page33_char114.png,谷
page33_char115.png,喂
page33_char116.png,必
page33_char117.png,口
page33_char118.png,胀
page33_char119.png,结
page33_char120.png,又
page33_char121.png,结
page33_char122.png,大
page33_char123.png,热
page33_char124.png,之
page33_char125.png,卧
page33_char126.png,去
page33_char127.png,咀
page33_char128.png,歌
page33_char129.png,咬
page33_char130.png,跑
page33_char131.png,带
page33_char132.png,且
page33_char133.png,料
page33_char134.png,医
page33_char135.png,出
page33_char136.png,皆
page33_char137.png,归
page33_char138.png,大
page33_char139.png,又
page33_char140.png,皇
page33_char141.png,马
page33_char142.png,蜱
page33_char143.png,之
page33_char144.png,uncertain
page33_char145.png,黑
page34_char000.png,关
page34_char001.png,马
page34_char002.png,带
page34_char003.png,全
page34_char004.png,腹
page34_char005.png,粗
page34_char006.png,丸
page34_char007.png,气
page34_char008.png,不
page34_char009.png,堪
page34_char010.png,调
page34_char011.png,促
page34_char012.png,良
page34_char013.png,喘
page34_char014.png,卧
page34_char015.png,迟
page34_char016.png,中
page34_char017.png,通
page34_char018.png,不
page34_char019.png,忌
page34_char020.png,嚾
page34_char021.png,兼
page34_char022.png,治
page34_char023.png,uncertain
page34_char024.png,救
page34_char025.png,蹄
page34_char026.png,法
page34_char027.png,uncertain
page34_char028.png,黑
page34_char029.png,右
page34_char030.png,肠
page34_char031.png,汤
page34_char032.png,散
page34_char033.png,彻
page34_char034.png,脉
page34_char035.png,嚾
page34_char036.png,uncertain
page34_char037.png,无
page34_char038.png,咬
page34_char039.png,色
page34_char040.png,臆
page34_char041.png,戒
page34_char042.png,歌
page34_char043.png,气
page34_char044.png,而
page34_char045.png,uncertain
page34_char046.png,uncertain
page34_char047.png,赤
page34_char048.png,抵
page34_char049.png,时
page34_char050.png,大
page34_char051.png,用
page34_char052.png,舌
page34_char053.png,粗
page34_char054.png,胃
page34_char055.png,之
page34_char056.png,理
page34_char057.png,头
page34_char058.png,也
page34_char059.png,沉
page34_char060.png,曰
page34_char061.png,之
page34_char062.png,牵
page34_char063.png,口
page34_char064.png,之
page34_char065.png,uncertain
page34_char066.png,曰
page34_char067.png,二
page34_char068.png,鱼
page34_char069.png,蹄
page34_char070.png,uncertain
page34_char071.png,uncertain
page34_char072.png,也
page34_char073.png,头
page34_char074.png,紫
page34_char075.png,凫
page34_char076.png,不
page34_char077.png,王
page34_char078.png,uncertain
page34_char079.png,气
page34_char080.png,忌
page34_char081.png,水
page34_char082.png,uncertain
page34_char083.png,天
page34_char084.png,uncertain
page34_char085.png,青
page34_char086.png,状
page34_char087.png,神
page34_char088.png,调
page34_char089.png,色
page34_char090.png,uncertain
page34_char091.png,于
page34_char092.png,喘
page35_char000.png,uncertain
page35_char001.png,热
page35_char002.png,丸
page35_char003.png,马
page35_char004.png,肠
page35_char005.png,胀
page35_char006.png,歌
page35_char007.png,远
page35_char008.png,煎
page35_char009.png,粉
page35_char010.png,闭
page35_char011.png,足
page35_char012.png,握
page35_char013.png,喂
page35_char014.png,散
page35_char015.png,病
page35_char016.png,致
page35_char017.png,肉
page35_char018.png,患
page35_char019.png,而
page35_char020.png,者
page35_char021.png,中
page35_char022.png,骤
page35_char023.png,乘
page35_char024.png,兽
page35_char025.png,服
page35_char026.png,末
page35_char027.png,结
page35_char028.png,肥
page35_char029.png,黄
page35_char030.png,两
page35_char031.png,uncertain
page35_char032.png,苦
page35_char033.png,不
page35_char034.png,也
page35_char035.png,于
page35_char036.png,滑
page35_char037.png,相
page35_char038.png,大
page35_char039.png,每
page35_char040.png,重
page35_char041.png,两
page35_char042.png,热
page35_char043.png,也
page35_char044.png,第
page35_char045.png,短
page35_char046.png,酒
page35_char047.png,半
page35_char048.png,驰
page35_char049.png,攻
page35_char050.png,臣
page35_char051.png,手
page35_char052.png,皂
page35_char053.png,uncertain
page35_char054.png,uncertain
page35_char055.png,为
page35_char056.png,忌
page35_char057.png,马
page35_char058.png,热
page35_char059.png,水
page35_char060.png,债
page35_char061.png,通
page35_char062.png,忌
page35_char063.png,臣
page35_char064.png,肠
page35_char065.png,uncertain
page35_char066.png,uncertain
page35_char067.png,饮
page35_char068.png,气
page35_char069.png,马
page35_char070.png,破
page35_char071.png,uncertain
page35_char072.png,戒
page35_char073.png,而
page35_char074.png,之
page35_char075.png,酥
page35_char076.png,由
page35_char077.png,肠
page35_char078.png,粪
page35_char079.png,肠
page35_char080.png,跑
page35_char081.png,uncertain
page35_char082.png,uncertain
page35_char083.png,缚
page35_char084.png,硝
page35_char085.png,腹
page35_char086.png,连
page35_char087.png,兽
page35_char088.png,膈
page35_char089.png,沸
page35_char090.png,见
page35_char091.png,料
page35_char092.png,嚾
page35_char093.png,油
page35_char094.png,矣
page35_char095.png,而
page35_char096.png,马
page35_char097.png,三
page35_char098.png,也
page35_char099.png,盏
page35_char100.png,起
page35_char101.png,能
page35_char102.png,水
page35_char103.png,结
page35_char104.png,而
page36_char000.png,寻
page36_char001.png,肠
page36_char002.png,为
page36_char003.png,医
page36_char004.png,良
page36_char005.png,头
page36_char006.png,为
page36_char007.png,阳
page36_char008.png,里
page36_char009.png,余
page36_char010.png,臆
page36_char011.png,最
page36_char012.png,按
page36_char013.png,向
page36_char014.png,轻
page36_char015.png,工
page36_char016.png,丸
page36_char017.png,在
page36_char018.png,结
page36_char019.png,腹
page36_char020.png,嚾
page36_char021.png,曰
page36_char022.png,色
page36_char023.png,右
page36_char024.png,uncertain
page36_char025.png,稍
page36_char026.png,调
page36_char027.png,而
page36_char028.png,凡
page36_char029.png,胀
page36_char030.png,轻
page36_char031.png,起
page36_char032.png,师
page36_char033.png,胸
page36_char034.png,胸
page36_char035.png,蹄
page36_char036.png,得
page36_char037.png,皇
page36_char038.png,嚾
page36_char039.png,少
page36_char040.png,油
page36_char041.png,酒
page36_char042.png,也
page36_char043.png,王
page36_char044.png,医
page36_char045.png,卧
page36_char046.png,巴
page36_char047.png,通
page36_char048.png,中
page36_char049.png,胀
page36_char050.png,臣
page36_char051.png,卧
page36_char052.png,赤
page36_char053.png,而
page36_char054.png,形
page36_char055.png,之
page36_char056.png,为
page36_char057.png,宣
page36_char058.png,油
page36_char059.png,积
page36_char060.png,曰
page36_char061.png,连
page36_char062.png,胸
page36_char063.png,温
page36_char064.png,uncertain
page36_char065.png,取
page36_char066.png,粪
page36_char067.png,饱
page36_char068.png,uncertain
page36_char069.png,豆
page36_char070.png,之
page36_char071.png,不
page36_char072.png,卧
page36_char073.png,住
page36_char074.png,痛
page36_char075.png,马
page36_char076.png,珍
page36_char077.png,打
page36_char078.png,入
page36_char079.png,uncertain
page36_char080.png,起
page36_char081.png,头
page36_char082.png,宁
page36_char083.png,uncertain
page36_char084.png,状
page36_char085.png,未
page36_char086.png,色
page36_char087.png,脉
page36_char088.png,药
page36_char089.png,喘
page36_char090.png,uncertain
page36_char091.png,者
page36_char092.png,跑
page36_char093.png,歌
page36_char094.png,手
page36_char095.png,么
page36_char096.png,串
page36_char097.png,沉
page36_char098.png,腿
page36_char099.png,中
page36_char100.png,双
page36_char101.png,涂
page36_char102.png,uncertain
page36_char103.png,紫
page36_char104.png,跑
page36_char105.png,uncertain
page36_char106.png,卧
page36_char107.png,马
page36_char108.png,得
page36_char109.png,口
page36_char110.png,臣
page36_char111.png,之
page36_char112.png,更
page36_char113.png,仆
page36_char114.png,uncertain
page36_char115.png,肠
page36_char116.png,马
page36_char117.png,胸
page37_char000.png,uncertain
page37_char001.png,马
page37_char002.png,头
page37_char003.png,为
page37_char004.png,细
page37_char005.png,马
page37_char006.png,香
page37_char007.png,云
page37_char008.png,丸
page37_char009.png,结
page37_char010.png,入
page37_char011.png,不
page37_char012.png,uncertain
page37_char013.png,方
page37_char014.png,中
page37_char015.png,内
page37_char016.png,uncertain
page37_char017.png,末
page37_char018.png,每
page37_char019.png,五
page37_char020.png,鱼
page37_char021.png,取
page37_char022.png,油
page37_char023.png,债
page37_char024.png,煮
page37_char025.png,而
page37_char026.png,去
page37_char027.png,饮
page37_char028.png,大
page37_char029.png,马
page37_char030.png,黄
page37_char031.png,升
page37_char032.png,水
page37_char033.png,又
page37_char034.png,色
page37_char035.png,子
page37_char036.png,债
page37_char037.png,弹
page37_char038.png,曰
page37_char039.png,不
page37_char040.png,油
page37_char041.png,脂
page37_char042.png,手
page37_char043.png,右
page37_char044.png,丸
page37_char045.png,嚾
page37_char046.png,血
page37_char047.png,牵
page37_char048.png,赤
page37_char049.png,沉
page37_char050.png,紫
page37_char051.png,色
page37_char052.png,喘
page37_char053.png,凫
page37_char054.png,用
page37_char055.png,uncertain
page37_char056.png,如
page37_char057.png,禾
page37_char058.png,口
page37_char059.png,每
page37_char060.png,uncertain
page37_char061.png,uncertain
page37_char062.png,之
page37_char063.png,豆
page37_char064.png,取
page37_char065.png,两
page37_char066.png,生
page37_char067.png,色
page37_char068.png,许
page37_char069.png,用
page37_char070.png,半
page37_char071.png,而
page37_char072.png,糊
page37_char073.png,脉
page37_char074.png,碎
page37_char075.png,放
page37_char076.png,之
page37_char077.png,子
page37_char078.png,两
page37_char079.png,带
page38_char000.png,而
page38_char001.png,喂
page38_char002.png,后
page38_char003.png,uncertain
page38_char004.png,调
page38_char005.png,肠
page38_char006.png,眠
page38_char007.png,咬
page38_char008.png,大
page38_char009.png,卧
page38_char010.png,料
page38_char011.png,uncertain
page38_char012.png,肠
page38_char013.png,通
page38_char014.png,搜
page38_char015.png,uncertain
page38_char016.png,者
page38_char017.png,回
page38_char018.png,水
page38_char019.png,觑
page38_char020.png,也
page38_char021.png,肠
page38_char022.png,结
page38_char023.png,取
page38_char024.png,穿
page38_char025.png,马
page38_char026.png,卧
page38_char027.png,uncertain
page38_char028.png,腹
page38_char029.png,大
page38_char030.png,uncertain
page38_char031.png,水
page38_char032.png,肠
page38_char033.png,充
page38_char034.png,痊
page38_char035.png,抛
page38_char036.png,酒
page38_char037.png,涂
page38_char038.png,乾
page38_char039.png,饱
page38_char040.png,而
page38_char041.png,腰
page38_char042.png,苦
page38_char043.png,uncertain
page38_char044.png,起
page38_char045.png,者
page38_char046.png,住
page38_char047.png,头
page38_char048.png,uncertain
page38_char049.png,歌
page38_char050.png,肠
page38_char051.png,下
page38_char052.png,谓
page38_char053.png,复
page38_char054.png,关
page38_char055.png,头
page38_char056.png,蹄
page38_char057.png,兽
page38_char058.png,回
page38_char059.png,起
page38_char060.png,腹
page38_char061.png,复
page38_char062.png,间
page38_char063.png,uncertain
page38_char064.png,患
page38_char065.png,塞
page38_char066.png,而
page38_char067.png,曰
page38_char068.png,uncertain
page38_char069.png,料
page38_char070.png,手
page38_char071.png,头
page38_char072.png,起
page38_char073.png,料
page38_char074.png,肚
page38_char075.png,过
page38_char076.png,结
page38_char077.png,uncertain
page38_char078.png,起
page38_char079.png,油
page38_char080.png,臣
page38_char081.png,后
page38_char082.png,uncertain
page38_char083.png,充
page38_char084.png,入
page38_char085.png,结
page38_char086.png,右
page38_char087.png,泉
page38_char088.png,水
page38_char089.png,也
page38_char090.png,此
page38_char091.png,腹
page38_char092.png,后
page38_char093.png,因
page38_char094.png,而
page38_char095.png,症
page38_char096.png,后
page38_char097.png,结
page38_char098.png,之
page38_char099.png,结
page38_char100.png,地
page38_char101.png,uncertain
page38_char102.png,空
page38_char103.png,头
page38_char104.png,跳
page38_char105.png,胀
page39_char000.png,uncertain
page39_char001.png,脏
page39_char002.png,色
page39_char003.png,者
page39_char004.png,涩
page39_char005.png,彻
page39_char006.png,木
page39_char007.png,郁
page39_char008.png,腹
page39_char009.png,涂
page39_char010.png,凫
page39_char011.png,皇
page39_char012.png,痛
page39_char013.png,觑
page39_char014.png,沉
page39_char015.png,生
page39_char016.png,榆
page39_char017.png,带
page39_char018.png,uncertain
page39_char019.png,两
page39_char020.png,安
page39_char021.png,而
page39_char022.png,通
page39_char023.png,肚
page39_char024.png,脉
page39_char025.png,皂
page39_char026.png,中
page39_char027.png,又
page39_char028.png,丸
page39_char029.png,脉
page39_char030.png,疼
page39_char031.png,粪
page39_char032.png,头
page39_char033.png,色
page39_char034.png,法
page39_char035.png,油
page39_char036.png,uncertain
page39_char037.png,uncertain
page39_char038.png,走
page39_char039.png,肚
page39_char040.png,不
page39_char041.png,粪
page39_char042.png,牵
page39_char043.png,卧
page39_char044.png,手
page39_char045.png,卧
page39_char046.png,回
page39_char047.png,也
page39_char048.png,入
page39_char049.png,腹
page39_char050.png,下
page39_char051.png,蹄
page39_char052.png,两
page39_char053.png,丸
page39_char054.png,腰
page39_char055.png,皮
page39_char056.png,uncertain
page39_char057.png,而
page39_char058.png,取
page39_char059.png,头
page39_char060.png,曰
page39_char061.png,uncertain
page39_char062.png,和
page39_char063.png,马
page39_char064.png,大
page39_char065.png,胀
page39_char066.png,地
page39_char067.png,之
page39_char068.png,马
page39_char069.png,三
page39_char070.png,紫
page39_char071.png,连
page39_char072.png,uncertain
page39_char073.png,两
page39_char074.png,uncertain
page39_char075.png,uncertain
page39_char076.png,细
page39_char077.png,赤
page39_char078.png,觑
page39_char079.png,而
page39_char080.png,油
page40_char000.png,温
page40_char001.png,过
page40_char002.png,传
page40_char003.png,弱
page40_char004.png,患
page40_char005.png,太
page40_char006.png,青
page40_char007.png,葱
page40_char008.png,uncertain
page40_char009.png,食
page40_char010.png,卧
page40_char011.png,安
page40_char012.png,葱
page40_char013.png,气
page40_char014.png,者
page40_char015.png,煎
page40_char016.png,连
page40_char017.png,腰
page40_char018.png,于
page40_char019.png,之
page40_char020.png,送
page40_char021.png,飞
page40_char022.png,皮
page40_char023.png,过
page40_char024.png,膀
page40_char025.png,微
page40_char026.png,可
page40_char027.png,症
page40_char028.png,尾
page40_char029.png,中
page40_char030.png,酒
page40_char031.png,痛
page40_char032.png,雷
page40_char033.png,连
page40_char034.png,中
page40_char035.png,散
page40_char036.png,宁
page40_char037.png,酒
page40_char038.png,饮
page40_char039.png,uncertain
page40_char040.png,酒
page40_char041.png,用
page40_char042.png,水
page40_char043.png,伶
page40_char044.png,肚
page40_char045.png,须
page40_char046.png,苦
page40_char047.png,肠
page40_char048.png,穆
page40_char049.png,捻
page40_char050.png,浑
page40_char051.png,卧
page40_char052.png,相
page40_char053.png,地
page40_char054.png,不
page40_char055.png,寻
page40_char056.png,自
page40_char057.png,二
page40_char058.png,回
page40_char059.png,马
page40_char060.png,伤
page40_char061.png,为
page40_char062.png,胃
page40_char063.png,于
page40_char064.png,气
page40_char065.png,uncertain
page40_char066.png,uncertain
page40_char067.png,太
page40_char068.png,肠
page40_char069.png,然
page40_char070.png,同
page40_char071.png,第
page40_char072.png,响
page40_char073.png,榔
page40_char074.png,盏
page40_char075.png,鼻
page40_char076.png,兽
page40_char077.png,冷
page40_char078.png,宜
page40_char079.png,谓
page40_char080.png,胃
page40_char081.png,皮
page40_char082.png,缓
page40_char083.png,曰
page40_char084.png,葱
page40_char085.png,里
page40_char086.png,伶
page40_char087.png,散
page40_char088.png,也
page40_char089.png,颤
page40_char090.png,胱
page40_char091.png,得
page40_char092.png,者
page40_char093.png,最
page40_char094.png,二
page40_char095.png,监
page40_char096.png,十
page40_char097.png,血
page40_char098.png,出
page40_char099.png,uncertain
page40_char100.png,两
page40_char101.png,肠
page40_char102.png,童
page40_char103.png,皮
page40_char104.png,传
page40_char105.png,二
page40_char106.png,橘
page40_char107.png,生
page40_char108.png,uncertain
page40_char109.png,uncertain
page40_char110.png,能
page40_char111.png,水
page40_char112.png,复
page40_char113.png,饮
page40_char114.png,顺
page40_char115.png,作
page40_char116.png,痛
page40_char117.png,太
page40_char118.png,不
page40_char119.png,此
page40_char120.png,伤
page40_char121.png,肠
page40_char122.png,见
page40_char123.png,嚾
page40_char124.png,之
page40_char125.png,uncertain
page40_char126.png,子
page40_char127.png,口
page40_char128.png,降
page40_char129.png,也
page40_char130.png,腰
page40_char131.png,脾
page40_char132.png,艮
page40_char133.png,发
page40_char134.png,公
page40_char135.png,渴
page40_char136.png,先
page40_char137.png,uncertain
page40_char138.png,uncertain
page40_char139.png,uncertain
page41_char000.png,理
page41_char001.png,胞
page41_char002.png,灭
page41_char003.png,走
page41_char004.png,uncertain
page41_char005.png,相
page41_char006.png,泄
page41_char007.png,气
page41_char008.png,经
page41_char009.png,内
page41_char010.png,uncertain
page41_char011.png,痛
page41_char012.png,踏
page41_char013.png,香
page41_char014.png,有
page41_char015.png,左
page41_char016.png,痛
page41_char017.png,唇
page41_char018.png,不
page41_char019.png,肠
page41_char020.png,其
page41_char021.png,者
page41_char022.png,医
page41_char023.png,uncertain
page41_char024.png,地
page41_char025.png,脉
page41_char026.png,马
page41_char027.png,调
page41_char028.png,起
page41_char029.png,散
page41_char030.png,冷
page41_char031.png,用
page41_char032.png,先
page41_char033.png,uncertain
page41_char034.png,冗
page41_char035.png,外
page41_char036.png,榔
page41_char037.png,槟
page41_char038.png,之
page41_char039.png,曰
page41_char040.png,uncertain
page41_char041.png,葱
page41_char042.png,痛
page41_char043.png,肠
page41_char044.png,最
page41_char045.png,所
page41_char046.png,寒
page41_char047.png,头
page41_char048.png,于
page41_char049.png,趟
page41_char050.png,尾
page41_char051.png,uncertain
page41_char052.png,皮
page41_char053.png,急
page41_char054.png,酒
page41_char055.png,药
page41_char056.png,uncertain
page41_char057.png,第
page41_char058.png,蹲
page41_char059.png,五
page41_char060.png,卧
page41_char061.png,蚕
page41_char062.png,绵
page41_char063.png,皮
page41_char064.png,氏
page41_char065.png,其
page41_char066.png,蹄
page41_char067.png,橘
page41_char068.png,也
page41_char069.png,宜
page41_char070.png,董
page41_char071.png,艮
page41_char072.png,骑
page41_char073.png,痛
page41_char074.png,色
page41_char075.png,痛
page41_char076.png,主
page41_char077.png,脉
page41_char078.png,uncertain
page41_char079.png,须
page41_char080.png,色
page41_char081.png,大
page41_char082.png,嚾
page41_char083.png,uncertain
page41_char084.png,痛
page41_char085.png,先
page41_char086.png,法
page41_char087.png,尾
page41_char088.png,射
page41_char089.png,家
page41_char090.png,uncertain
page41_char091.png,肠
page41_char092.png,中
page41_char093.png,嚾
page41_char094.png,状
page41_char095.png,腹
page41_char096.png,曰
page41_char097.png,血
page41_char098.png,伤
page41_char099.png,形
page41_char100.png,大
page41_char101.png,痛
page42_char000.png,散
page42_char001.png,腹
page42_char002.png,痛
page42_char003.png,煎
page42_char004.png,白
page42_char005.png,马
page42_char006.png,皮
page42_char007.png,服
page42_char008.png,沸
page42_char009.png,胞
page42_char010.png,寒
page42_char011.png,苍
page42_char012.png,加
page42_char013.png,苦
page42_char014.png,皮
page42_char015.png,本
page42_char016.png,温
page42_char017.png,脾
page42_char018.png,uncertain
page42_char019.png,散
page42_char020.png,为
page42_char021.png,藜
page42_char022.png,处
page42_char023.png,冷
page42_char024.png,uncertain
page42_char025.png,司
page42_char026.png,嚾
page42_char027.png,细
page42_char028.png,白
page42_char029.png,当
page42_char030.png,橘
page42_char031.png,每
page42_char032.png,候
page42_char033.png,白
page42_char034.png,痛
page42_char035.png,陈
page42_char036.png,朱
page42_char037.png,水
page42_char038.png,监
page42_char039.png,甘
page42_char040.png,煎
page42_char041.png,本
page42_char042.png,芷
page42_char043.png,末
page42_char044.png,香
page42_char045.png,骨
page42_char046.png,橘
page42_char047.png,茴
page42_char048.png,煎
page42_char049.png,每
page42_char050.png,气
page42_char051.png,葱
page42_char052.png,肠
page42_char053.png,嚾
page42_char054.png,胎
page42_char055.png,水
page42_char056.png,术
page42_char057.png,痛
page42_char058.png,苍
page42_char059.png,酒
page42_char060.png,痛
page42_char061.png,用
page42_char062.png,右
page42_char063.png,草
page42_char064.png,细
page42_char065.png,卢
page42_char066.png,马
page42_char067.png,灭
page42_char068.png,uncertain
page42_char069.png,五
page42_char070.png,通
page42_char071.png,胡
page42_char072.png,香
page42_char073.png,方
page42_char074.png,香
page42_char075.png,之
page42_char076.png,末
page42_char077.png,uncertain
page42_char078.png,起
page42_char079.png,角
page42_char080.png,术
page42_char081.png,加
page42_char082.png,术
page42_char083.png,木
page42_char084.png,司
page42_char085.png,休
page42_char086.png,钱
page42_char087.png,卧
page42_char088.png,本
page42_char089.png,uncertain
page42_char090.png,肠
page42_char091.png,皮
page42_char092.png,枝
page42_char093.png,支
page42_char094.png,件
page42_char095.png,uncertain
page42_char096.png,皂
page42_char097.png,伤
page42_char098.png,方
page42_char099.png,椒
page42_char100.png,之
page42_char101.png,uncertain
page42_char102.png,uncertain
page42_char103.png,茵
page42_char104.png,香
page42_char105.png,石
page42_char106.png,曰
page42_char107.png,经
page42_char108.png,身
page42_char109.png,痛
page42_char110.png,夜
page42_char111.png,瓜
page42_char112.png,uncertain
page42_char113.png,皂
page42_char114.png,灭
page42_char115.png,朴
page42_char116.png,肠
page42_char117.png,方
page42_char118.png,香
page42_char119.png,大
page42_char120.png,方
page42_char121.png,加
page42_char122.png,灭
page42_char123.png,煎
page42_char124.png,之
page42_char125.png,方
page42_char126.png,经
page43_char000.png,uncertain
page43_char001.png,乘
page43_char002.png,骑
page43_char003.png,效
page43_char004.png,阴
page43_char005.png,天
page43_char006.png,大
page43_char007.png,uncertain
page43_char008.png,乾
page43_char009.png,远
page43_char010.png,煎
page43_char011.png,黑
page43_char012.png,热
page43_char013.png,喂
page43_char014.png,救
page43_char015.png,也
page43_char016.png,调
page43_char017.png,好
page43_char018.png,董
page43_char019.png,大
page43_char020.png,又
page43_char021.png,里
page43_char022.png,复
page43_char023.png,痛
page43_char024.png,于
page43_char025.png,立
page43_char026.png,效
page43_char027.png,即
page43_char028.png,者
page43_char029.png,末
page43_char030.png,椒
page43_char031.png,恶
page43_char032.png,uncertain
page43_char033.png,效
page43_char034.png,热
page43_char035.png,热
page43_char036.png,方
page43_char037.png,末
page43_char038.png,上
page43_char039.png,uncertain
page43_char040.png,失
page43_char041.png,去
page43_char042.png,头
page43_char043.png,鞍
page43_char044.png,炎
page43_char045.png,月
page43_char046.png,而
page43_char047.png,中
page43_char048.png,每
page43_char049.png,味
page43_char050.png,角
page43_char051.png,己
page43_char052.png,uncertain
page43_char053.png,碗
page43_char054.png,用
page43_char055.png,用
page43_char056.png,卧
page43_char057.png,乘
page43_char058.png,大
page43_char059.png,胡
page43_char060.png,uncertain
page43_char061.png,皂
page43_char062.png,为
page43_char063.png,装
page43_char064.png,香
page43_char065.png,捣
page43_char066.png,伺
page43_char067.png,字
page43_char068.png,阳
page43_char069.png,装
page43_char070.png,碾
page43_char071.png,出
page43_char072.png,少
page43_char073.png,用
page43_char074.png,用
page43_char075.png,络
page43_char076.png,uncertain
page43_char077.png,监
page43_char078.png,筒
page43_char079.png,之
page43_char080.png,胃
page43_char081.png,气
page43_char082.png,uncertain
page43_char083.png,两
page43_char084.png,胆
page43_char085.png,细
page43_char086.png,兽
page43_char087.png,眼
page43_char088.png,uncertain
page43_char089.png,屉
page43_char090.png,瓜
page43_char091.png,公
page43_char092.png,内
page43_char093.png,两
page43_char094.png,胃
page43_char095.png,暑
page43_char096.png,共
page43_char097.png,热
page43_char098.png,热
page43_char099.png,uncertain
page43_char100.png,草
page43_char101.png,uncertain
page43_char102.png,于
page43_char103.png,带
page43_char104.png,闭
page43_char105.png,飞
page43_char106.png,集
page43_char107.png,荣
page43_char108.png,第
page43_char109.png,倾
page43_char110.png,不
page43_char111.png,马
page43_char112.png,之
page43_char113.png,蒂
page43_char114.png,之
page43_char115.png,也
page43_char116.png,沸
page43_char117.png,暑
page43_char118.png,不
page43_char119.png,之
page44_char000.png,奔
page44_char001.png,脯
page44_char002.png,寒
page44_char003.png,散
page44_char004.png,寒
page44_char005.png,火
page44_char006.png,鹘
page44_char007.png,者
page44_char008.png,降
page44_char009.png,倦
page44_char010.png,后
page44_char011.png,也
page44_char012.png,补
page44_char013.png,喉
page44_char014.png,之
page44_char015.png,怠
page44_char016.png,攻
page44_char017.png,目
page44_char018.png,之
page44_char019.png,力
page44_char020.png,也
page44_char021.png,东
page44_char022.png,花
page44_char023.png,师
page44_char024.png,天
page44_char025.png,串
page44_char026.png,堂
page44_char027.png,自
page44_char028.png,解
page44_char029.png,目
page44_char030.png,尿
page44_char031.png,肢
page44_char032.png,水
page44_char033.png,治
page44_char034.png,腰
page44_char035.png,之
page44_char036.png,清
page44_char037.png,盛
page44_char038.png,头
page44_char039.png,者
page44_char040.png,致
page44_char041.png,脉
page44_char042.png,热
page44_char043.png,归
page44_char044.png,远
page44_char045.png,凡
page44_char046.png,不
page44_char047.png,化
page44_char048.png,降
page44_char049.png,热
page44_char050.png,昏
page44_char051.png,嚾
page44_char052.png,血
page44_char053.png,温
page44_char054.png,滋
page44_char055.png,症
page44_char056.png,两
page44_char057.png,相
page44_char058.png,目
page44_char059.png,粉
page44_char060.png,然
page44_char061.png,热
page44_char062.png,极
page44_char063.png,凉
page44_char064.png,无
page44_char065.png,王
page44_char066.png,痛
page44_char067.png,者
page44_char068.png,嚾
page44_char069.png,白
page44_char070.png,uncertain
page44_char071.png,岐
page44_char072.png,心
page44_char073.png,凡
page44_char074.png,肾
page44_char075.png,香
page44_char076.png,连
page44_char077.png,草
page44_char078.png,痛
page44_char079.png,出
page44_char080.png,之
page44_char081.png,uncertain
page44_char082.png,暑
page44_char083.png,过
page44_char084.png,炎
page44_char085.png,行
page44_char086.png,uncertain
page44_char087.png,睁
page44_char088.png,uncertain
page44_char089.png,等
page44_char090.png,痛
page44_char091.png,痛
page44_char092.png,肾
page44_char093.png,苓
page44_char094.png,睁
page44_char095.png,之
page45_char000.png,处
page45_char001.png,血
page45_char002.png,uncertain
page45_char003.png,黄
page45_char004.png,胡
page45_char005.png,散
page45_char006.png,为
page45_char007.png,便
page45_char008.png,数
page45_char009.png,怠
page45_char010.png,uncertain
page45_char011.png,热
page45_char012.png,uncertain
page45_char013.png,散
page45_char014.png,脉
page45_char015.png,彻
page45_char016.png,栀
page45_char017.png,恶
page45_char018.png,香
page45_char019.png,卧
page45_char020.png,远
page45_char021.png,曰
page45_char022.png,歌
page45_char023.png,拴
page45_char024.png,戒
page45_char025.png,洪
page45_char026.png,柴
page45_char027.png,忌
page45_char028.png,两
page45_char029.png,香
page45_char030.png,uncertain
page45_char031.png,服
page45_char032.png,末
page45_char033.png,之
page45_char034.png,凉
page45_char035.png,痴
page45_char036.png,热
page45_char037.png,黄
page45_char038.png,忌
page45_char039.png,草
page45_char040.png,脉
page45_char041.png,阴
page45_char042.png,水
page45_char043.png,眼
page45_char044.png,腰
page45_char045.png,散
page45_char046.png,状
page45_char047.png,清
page45_char048.png,寒
page45_char049.png,王
page45_char050.png,不
page45_char051.png,嚾
page45_char052.png,热
page45_char053.png,之
page45_char054.png,灯
page45_char055.png,草
page45_char056.png,凫
page45_char057.png,色
page45_char058.png,马
page45_char059.png,子
page45_char060.png,每
page45_char061.png,卧
page45_char062.png,热
page45_char063.png,两
page45_char064.png,料
page45_char065.png,諸
page45_char066.png,药
page45_char067.png,治
page45_char068.png,鲜
page45_char069.png,舌
page45_char070.png,温
page45_char071.png,理
page45_char072.png,退
page45_char073.png,两
page45_char074.png,转
page45_char075.png,医
page45_char076.png,甘
page45_char077.png,草
page45_char078.png,连
page45_char079.png,双
page45_char080.png,第
page45_char081.png,连
page45_char082.png,二
page45_char083.png,之
page45_char084.png,之
page45_char085.png,补
page45_char086.png,uncertain
page45_char087.png,少
page45_char088.png,暑
page45_char089.png,二
page46_char000.png,未
page46_char001.png,且
page46_char002.png,散
page46_char003.png,泻
page46_char004.png,胱
page46_char005.png,腰
page46_char006.png,宣
page46_char007.png,盈
page46_char008.png,痛
page46_char009.png,未
page46_char010.png,肠
page46_char011.png,膀
page46_char012.png,者
page46_char013.png,不
page46_char014.png,名
page46_char015.png,地
page46_char016.png,卧
page46_char017.png,又
page46_char018.png,通
page46_char019.png,道
page46_char020.png,转
page46_char021.png,气
page46_char022.png,腹
page46_char023.png,者
page46_char024.png,狮
page46_char025.png,卧
page46_char026.png,尾
page46_char027.png,起
page46_char028.png,之
page46_char029.png,火
page46_char030.png,胞
page46_char031.png,满
page46_char032.png,骤
page46_char033.png,uncertain
page46_char034.png,清
page46_char035.png,胀
page46_char036.png,症
page46_char037.png,歌
page46_char038.png,眼
page46_char039.png,/
page46_char040.png,急
page46_char041.png,拨
page46_char042.png,稍
page46_char043.png,降
page46_char044.png,升
page46_char045.png,阳
page46_char046.png,踏
page46_char047.png,顺
page46_char048.png,转
page46_char049.png,uncertain
page46_char050.png,之
page46_char051.png,者
page46_char052.png,按
page46_char053.png,入
page46_char054.png,踏
page46_char055.png,水
page46_char056.png,满
page46_char057.png,而
page46_char058.png,曰
page46_char059.png,卧
page46_char060.png,通
page46_char061.png,结
page46_char062.png,之
page46_char063.png,气
page46_char064.png,通
page46_char065.png,色
page46_char066.png,子
page46_char067.png,卧
page46_char068.png,不
page46_char069.png,不
page46_char070.png,禾
page46_char071.png,石
page46_char072.png,也
page46_char073.png,地
page46_char074.png,相
page46_char075.png,蹲
page46_char076.png,禾
page46_char077.png,腰
page46_char078.png,时
page46_char079.png,uncertain
page46_char080.png,不
page46_char081.png,致
page46_char082.png,卒
page46_char083.png,清
page46_char084.png,尾
page46_char085.png,带
page46_char086.png,uncertain
page46_char087.png,谓
page46_char088.png,紧
page46_char089.png,肚
page46_char090.png,传
page46_char091.png,马
page46_char092.png,包
page46_char093.png,uncertain
page46_char094.png,塞
page46_char095.png,小
page46_char096.png,不
page46_char097.png,蹲
page46_char098.png,腹
page46_char099.png,地
page46_char100.png,油
page46_char101.png,治
page46_char102.png,凡
page46_char103.png,蹄
page46_char104.png,利
page46_char105.png,加
page46_char106.png,形
page46_char107.png,气
page46_char108.png,胀
page46_char109.png,地
page46_char110.png,手
page46_char111.png,卧
page46_char112.png,手
page46_char113.png,打
page46_char114.png,分
page46_char115.png,胀
page46_char116.png,胀
page46_char117.png,曰
page46_char118.png,膀
page46_char119.png,去
page46_char120.png,腰
page46_char121.png,凡
page46_char122.png,胞
page46_char123.png,而
page46_char124.png,此
page46_char125.png,腹
page46_char126.png,气
page46_char127.png,气
page46_char128.png,凡
page46_char129.png,升
page46_char130.png,蹲
page46_char131.png,骑
page46_char132.png,安
page46_char133.png,uncertain
page46_char134.png,腹
page46_char135.png,uncertain
page46_char136.png,经
page46_char137.png,尾
page46_char138.png,乘
page46_char139.png,红
page46_char140.png,坐
page46_char141.png,跑
page46_char142.png,uncertain
page46_char143.png,观
page46_char144.png,即
page46_char145.png,蹲
page46_char146.png,胞
page47_char000.png,uncertain
page47_char001.png,患
page47_char002.png,忌
page47_char003.png,走
page47_char004.png,饮
page47_char005.png,服
page47_char006.png,马
page47_char007.png,马
page47_char008.png,之
page47_char009.png,理
page47_char010.png,江
page47_char011.png,曰
page47_char012.png,末
page47_char013.png,石
page47_char014.png,童
page47_char015.png,手
page47_char016.png,泻
page47_char017.png,徐
page47_char018.png,转
page47_char019.png,半
page47_char020.png,牵
page47_char021.png,调
page47_char022.png,下
page47_char023.png,右
page47_char024.png,嚾
page47_char025.png,喂
page47_char026.png,两
page47_char027.png,每
page47_char028.png,三
page47_char029.png,胞
page47_char030.png,而
page47_char031.png,戒
page47_char032.png,煎
page47_char033.png,水
page47_char034.png,三
page47_char035.png,入
page47_char036.png,腹
page47_char037.png,而
page47_char038.png,水
page47_char039.png,红
page47_char040.png,道
page47_char041.png,腹
page47_char042.png,彻
page47_char043.png,滑
page47_char044.png,血
page47_char045.png,散
page47_char046.png,便
page47_char047.png,止
page47_char048.png,为
page47_char049.png,uncertain
page47_char050.png,灯
page47_char051.png,沉
page47_char052.png,之
page47_char053.png,蹄
page47_char054.png,带
page47_char055.png,拨
page47_char056.png,热
page47_char057.png,猪
page47_char058.png,脉
page47_char059.png,紫
page47_char060.png,禁
page47_char061.png,茵
page47_char062.png,uncertain
page47_char063.png,中
page47_char064.png,拨
page47_char065.png,石
page48_char000.png,黄
page48_char001.png,uncertain
page48_char002.png,煮
page48_char003.png,肠
page48_char004.png,流
page48_char005.png,兽
page48_char006.png,胜
page48_char007.png,歌
page48_char008.png,腧
page48_char009.png,生
page48_char010.png,疮
page48_char011.png,缘
page48_char012.png,患
page48_char013.png,连
page48_char014.png,水
page48_char015.png,误
page48_char016.png,相
page48_char017.png,uncertain
page48_char018.png,肾
page48_char019.png,白
page48_char020.png,过
page48_char021.png,黄
page48_char022.png,嚾
page48_char023.png,立
page48_char024.png,化
page48_char025.png,滋
page48_char026.png,饮
page48_char027.png,肾
page48_char028.png,黄
page48_char029.png,在
page48_char030.png,脉
page48_char031.png,针
page48_char032.png,暖
page48_char033.png,三
page48_char034.png,而
page48_char035.png,过
page48_char036.png,/
page48_char037.png,雨
page48_char038.png,肿
page48_char039.png,凝
page48_char040.png,酒
page48_char041.png,也
page48_char042.png,阴
page48_char043.png,散
page48_char044.png,不
page48_char045.png,拖
page48_char046.png,若
page48_char047.png,硬
page48_char048.png,肾
page48_char049.png,肿
page48_char050.png,针
page48_char051.png,肾
page48_char052.png,uncertain
page48_char053.png,艮
page48_char054.png,为
page48_char055.png,也
page48_char056.png,水
page48_char057.png,中
page48_char058.png,石
page48_char059.png,马
page48_char060.png,喂
page48_char061.png,外
page48_char062.png,多
page48_char063.png,沉
page48_char064.png,uncertain
page48_char065.png,气
page48_char066.png,肾
page48_char067.png,安
page48_char068.png,曰
page48_char069.png,然
page48_char070.png,黄
page48_char071.png,茴
page48_char072.png,治
page48_char073.png,中
page48_char074.png,失
page48_char075.png,浮
page48_char076.png,夸
page48_char077.png,阴
page48_char078.png,之
page48_char079.png,王
page48_char080.png,拽
page48_char081.png,阴
page48_char082.png,者
page48_char083.png,日
page48_char084.png,肾
page48_char085.png,色
page48_char086.png,阴
page48_char087.png,温
page48_char088.png,者
page48_char089.png,冷
page48_char090.png,uncertain
page48_char091.png,uncertain
page48_char092.png,牵
page48_char093.png,皇
page48_char094.png,友
page48_char095.png,凝
page48_char096.png,宿
page48_char097.png,水
page48_char098.png,细
page48_char099.png,后
page48_char100.png,光
page48_char101.png,uncertain
page48_char102.png,uncertain
page48_char103.png,肾
page48_char104.png,硝
page48_char105.png,皆
page48_char106.png,浸
page48_char107.png,治
page48_char108.png,然
page48_char109.png,气
page48_char110.png,冷
page48_char111.png,传
page48_char112.png,针
page48_char113.png,黄
page48_char114.png,饮
page48_char115.png,uncertain
page48_char116.png,湿
page48_char117.png,拽
page48_char118.png,积
page48_char119.png,帛
page48_char120.png,痊
page48_char121.png,停
page48_char122.png,肾
page48_char123.png,之
page48_char124.png,曰
page48_char125.png,食
page48_char126.png,债
page48_char127.png,饮
page48_char128.png,申
page48_char129.png,火
page48_char130.png,火
page48_char131.png,肾
page48_char132.png,胱
page48_char133.png,动
page48_char134.png,运
page48_char135.png,宁
page48_char136.png,蜀
page48_char137.png,太
page48_char138.png,停
page48_char139.png,腧
page48_char140.png,论
page48_char141.png,之
page48_char142.png,uncertain
page48_char143.png,青
page48_char144.png,因
page48_char145.png,水
page48_char146.png,于
page48_char147.png,黄
page49_char000.png,胯
page49_char001.png,饮
page49_char002.png,uncertain
page49_char003.png,黄
page49_char004.png,水
page49_char005.png,耳
page49_char006.png,暖
page49_char007.png,腧
page49_char008.png,伯
page49_char009.png,肿
page49_char010.png,食
page49_char011.png,于
page49_char012.png,搭
page49_char013.png,喂
page49_char014.png,形
page49_char015.png,后
page49_char016.png,肾
page49_char017.png,肾
page49_char018.png,穰
page49_char019.png,病
page49_char020.png,误
page49_char021.png,拽
page49_char022.png,歌
page49_char023.png,腧
page49_char024.png,肾
page49_char025.png,砂
page49_char026.png,旬
page49_char027.png,晒
page49_char028.png,大
page49_char029.png,细
page49_char030.png,散
page49_char031.png,草
page49_char032.png,曰
page49_char033.png,艮
page49_char034.png,肾
page49_char035.png,黄
page49_char036.png,脉
page49_char037.png,曰
page49_char038.png,厩
page49_char039.png,观
page49_char040.png,生
page49_char041.png,安
page49_char042.png,腧
page49_char043.png,之
page49_char044.png,黄
page49_char045.png,曰
page49_char046.png,铺
page49_char047.png,穴
page49_char048.png,uncertain
page49_char049.png,肠
page49_char050.png,肿
page49_char051.png,多
page49_char052.png,石
page49_char053.png,uncertain
page49_char054.png,脉
page49_char055.png,uncertain
page49_char056.png,麸
page49_char057.png,如
page49_char058.png,火
page49_char059.png,如
page49_char060.png,肠
page49_char061.png,致
page49_char062.png,日
page49_char063.png,饮
page49_char064.png,沉
page49_char065.png,如
page49_char066.png,低
page49_char067.png,岐
page49_char068.png,可
page49_char069.png,空
page49_char070.png,火
page49_char071.png,浆
page49_char072.png,蜀
page49_char073.png,细
page49_char074.png,王
page49_char075.png,石
page49_char076.png,香
page49_char077.png,然
page49_char078.png,uncertain
page49_char079.png,色
page49_char080.png,积
page49_char081.png,头
page49_char082.png,理
page49_char083.png,不
page49_char084.png,uncertain
page49_char085.png,硬
page49_char086.png,uncertain
page49_char087.png,饮
page49_char088.png,uncertain
page49_char089.png,针
page50_char000.png,偏
page50_char001.png,毒
page50_char002.png,肺
page50_char003.png,胯
page50_char004.png,黄
page50_char005.png,草
page50_char006.png,马
page50_char007.png,病
page50_char008.png,黄
page50_char009.png,方
page50_char010.png,枝
page50_char011.png,肺
page50_char012.png,兽
page50_char013.png,散
page50_char014.png,结
page50_char015.png,发
page50_char016.png,如
page50_char017.png,母
page50_char018.png,结
page50_char019.png,症
page50_char020.png,次
page50_char021.png,无
page50_char022.png,也
page50_char023.png,葱
page50_char024.png,唇
page50_char025.png,酒
page50_char026.png,煎
page50_char027.png,黄
page50_char028.png,成
page50_char029.png,茴
page50_char030.png,痰
page50_char031.png,苦
page50_char032.png,过
page50_char033.png,痞
page50_char034.png,酒
page50_char035.png,气
page50_char036.png,肠
page50_char037.png,气
page50_char038.png,牵
page50_char039.png,血
page50_char040.png,钱
page50_char041.png,二
page50_char042.png,服
page50_char043.png,董
page50_char044.png,如
page50_char045.png,满
page50_char046.png,次
page50_char047.png,低
page50_char048.png,热
page50_char049.png,胸
page50_char050.png,练
page50_char051.png,相
page50_char052.png,焦
page50_char053.png,乘
page50_char054.png,黄
page50_char055.png,也
page50_char056.png,温
page50_char057.png,栀
page50_char058.png,肺
page50_char059.png,谷
page50_char060.png,桂
page50_char061.png,瞪
page50_char062.png,uncertain
page50_char063.png,名
page50_char064.png,之
page50_char065.png,中
page50_char066.png,母
page50_char067.png,uncertain
page50_char068.png,疮
page50_char069.png,三
page50_char070.png,患
page50_char071.png,搭
page50_char072.png,偏
page50_char073.png,雍
page50_char074.png,无
page50_char075.png,空
page50_char076.png,黄
page50_char077.png,气
page50_char078.png,石
page50_char079.png,水
page50_char080.png,马
page50_char081.png,淤
page50_char082.png,水
page50_char083.png,uncertain
page50_char084.png,肺
page50_char085.png,十
page50_char086.png,uncertain
page50_char087.png,太
page50_char088.png,空
page50_char089.png,醉
page50_char090.png,之
page50_char091.png,论
page50_char092.png,畔
page50_char093.png,患
page50_char094.png,喂
page50_char095.png,紫
page50_char096.png,耳
page50_char097.png,止
page50_char098.png,枝
page50_char099.png,粗
page50_char100.png,两
page50_char101.png,uncertain
page50_char102.png,香
page50_char103.png,二
page50_char104.png,青
page50_char105.png,桂
page50_char106.png,右
page50_char107.png,出
page50_char108.png,目
page50_char109.png,uncertain
page50_char110.png,布
page50_char111.png,戒
page50_char112.png,促
page50_char113.png,为
page50_char114.png,拴
page50_char115.png,患
page50_char116.png,皮
page50_char117.png,者
page50_char118.png,每
page50_char119.png,甘
page50_char120.png,极
page50_char121.png,黄
page50_char122.png,芃
page50_char123.png,故
page50_char124.png,养
page50_char125.png,之
page50_char126.png,料
page50_char127.png,肿
page50_char128.png,忌
page50_char129.png,候
page50_char130.png,空
page50_char131.png,傍
page50_char132.png,拽
page50_char133.png,紧
page50_char134.png,因
page50_char135.png,uncertain
page50_char136.png,知
page50_char137.png,肿
page50_char138.png,为
page50_char139.png,二
page50_char140.png,偏
page50_char141.png,头
page50_char142.png,口
page50_char143.png,热
page50_char144.png,uncertain
page50_char145.png,末
page50_char146.png,秦
page50_char147.png,uncertain
page50_char148.png,月
page50_char149.png,之
page51_char000.png,uncertain
page51_char001.png,马
page51_char002.png,黄
page51_char003.png,肺
page51_char004.png,肺
page51_char005.png,uncertain
page51_char006.png,五
page51_char007.png,必
page51_char008.png,皇
page51_char009.png,根
page51_char010.png,医
page51_char011.png,硬
page51_char012.png,而
page51_char013.png,堂
page51_char014.png,生
page51_char015.png,当
page51_char016.png,方
page51_char017.png,成
page51_char018.png,曰
page51_char019.png,黄
page51_char020.png,黄
page51_char021.png,次
page51_char022.png,瞪
page51_char023.png,无
page51_char024.png,傍
page51_char025.png,凫
page51_char026.png,唇
page51_char027.png,凫
page51_char028.png,此
page51_char029.png,连
page51_char030.png,黄
page51_char031.png,生
page51_char032.png,向
page51_char033.png,终
page51_char034.png,也
page51_char035.png,肺
page51_char036.png,有
page51_char037.png,透
page51_char038.png,势
page51_char039.png,马
page51_char040.png,病
page51_char041.png,休
page51_char042.png,此
page51_char043.png,偏
page51_char044.png,命
page51_char045.png,反
page51_char046.png,症
page51_char047.png,间
page51_char048.png,生
page51_char049.png,令
page51_char050.png,脏
page51_char051.png,者
page51_char052.png,乘
page51_char053.png,心
page51_char054.png,施
page51_char055.png,肿
page51_char056.png,虽
page51_char057.png,肺
page51_char058.png,畔
page51_char059.png,肺
page51_char060.png,uncertain
page51_char061.png,者
page51_char062.png,目
page51_char063.png,根
page51_char064.png,休
page51_char065.png,由
page51_char066.png,次
page51_char067.png,田
page51_char068.png,疼
page51_char069.png,骨
page51_char070.png,可
page51_char071.png,告
page51_char072.png,之
page51_char073.png,疾
page51_char074.png,曰
page51_char075.png,黄
page51_char076.png,胸
page51_char077.png,弓
page51_char078.png,偏
page51_char079.png,轻
page51_char080.png,曰
page51_char081.png,发
page51_char082.png,多
page51_char083.png,偏
page51_char084.png,偏
page51_char085.png,肿
page51_char086.png,也
page51_char087.png,为
page51_char088.png,始
page51_char089.png,uncertain
page51_char090.png,出
page51_char091.png,田
page51_char092.png,患
page51_char093.png,伯
page51_char094.png,师
page51_char095.png,鉴
page52_char000.png,观
page52_char001.png,饮
page52_char002.png,硬
page52_char003.png,衰
page52_char004.png,纵
page52_char005.png,疮
page52_char006.png,歌
page52_char007.png,寒
page52_char008.png,感
page52_char009.png,煤
page52_char010.png,生
page52_char011.png,霜
page52_char012.png,软
page52_char013.png,痛
page52_char014.png,夜
page52_char015.png,风
page52_char016.png,者
page52_char017.png,遭
page52_char018.png,蹇
page52_char019.png,膁
page52_char020.png,马
page52_char021.png,失
page52_char022.png,倦
page52_char023.png,蹲
page52_char024.png,嚾
page52_char025.png,uncertain
page52_char026.png,成
page52_char027.png,唇
page52_char028.png,鸣
page52_char029.png,难
page52_char030.png,微
page52_char031.png,uncertain
page52_char032.png,散
page52_char033.png,脾
page52_char034.png,脾
page52_char035.png,淋
page52_char036.png,黄
page52_char037.png,死
page52_char038.png,者
page52_char039.png,uncertain
page52_char040.png,uncertain
page52_char041.png,伤
page52_char042.png,也
page52_char043.png,健
page52_char044.png,兽
page52_char045.png,多
page52_char046.png,日
page52_char047.png,散
page52_char048.png,痛
page52_char049.png,出
page52_char050.png,太
page52_char051.png,脾
page52_char052.png,双
page52_char053.png,后
page52_char054.png,舌
page52_char055.png,弱
page52_char056.png,医
page52_char057.png,经
page52_char058.png,雨
page52_char059.png,痛
page52_char060.png,患
page52_char061.png,尾
page52_char062.png,外
page52_char063.png,寒
page52_char064.png,耳
page52_char065.png,脾
page52_char066.png,症
page52_char067.png,水
page52_char068.png,世
page52_char069.png,传
page52_char070.png,水
page52_char071.png,肠
page52_char072.png,瘦
page52_char073.png,低
page52_char074.png,逢
page52_char075.png,uncertain
page52_char076.png,日
page52_char077.png,火
page52_char078.png,而
page52_char079.png,十
page52_char080.png,气
page52_char081.png,每
page52_char082.png,头
page52_char083.png,赢
page52_char084.png,头
page52_char085.png,uncertain
page52_char086.png,医
page52_char087.png,四
page52_char088.png,休
page52_char089.png,唇
page52_char090.png,气
page52_char091.png,伤
page52_char092.png,马
page52_char093.png,uncertain
page52_char094.png,uncertain
page52_char095.png,老
page52_char096.png,马
page52_char097.png,uncertain
page52_char098.png,两
page52_char099.png,露
page52_char100.png,乱
page52_char101.png,渴
page52_char102.png,第
page52_char103.png,痛
page52_char104.png,成
page52_char105.png,胃
page52_char106.png,虚
page52_char107.png,头
page52_char108.png,凫
page52_char109.png,腰
page52_char110.png,也
page52_char111.png,uncertain
page52_char112.png,软
page52_char113.png,胃
page52_char114.png,痛
page52_char115.png,于
page52_char116.png,傍
page52_char117.png,肠
page52_char118.png,脉
page52_char119.png,毒
page52_char120.png,医
page52_char121.png,于
page52_char122.png,两
page52_char123.png,经
page52_char124.png,脾
page52_char125.png,之
page52_char126.png,降
page52_char127.png,伤
page52_char128.png,摆
page52_char129.png,相
page52_char130.png,木
page52_char131.png,胃
page53_char000.png,uncertain
page53_char001.png,良
page53_char002.png,马
page53_char003.png,颤
page53_char004.png,觉
page53_char005.png,脾
page53_char006.png,健
page53_char007.png,安
page53_char008.png,气
page53_char009.png,者
page53_char010.png,皇
page53_char011.png,大
page53_char012.png,绵
page53_char013.png,唇
page53_char014.png,脾
page53_char015.png,鸣
page53_char016.png,自
page53_char017.png,间
page53_char018.png,然
page53_char019.png,兼
page53_char020.png,日
page53_char021.png,效
page53_char022.png,平
page53_char023.png,蹇
page53_char024.png,凡
page53_char025.png,脾
page53_char026.png,之
page53_char027.png,煎
page53_char028.png,曰
page53_char029.png,健
page53_char030.png,泻
page53_char031.png,日
page53_char032.png,uncertain
page53_char033.png,笑
page53_char034.png,鉴
page53_char035.png,病
page53_char036.png,泄
page53_char037.png,地
page53_char038.png,蹇
page53_char039.png,uncertain
page53_char040.png,头
page53_char041.png,歌
page53_char042.png,火
page53_char043.png,有
page53_char044.png,口
page53_char045.png,火
page53_char046.png,脾
page53_char047.png,富
page53_char048.png,气
page53_char049.png,针
page53_char050.png,穴
page53_char051.png,草
page53_char052.png,身
page53_char053.png,地
page53_char054.png,酋
page53_char055.png,温
page53_char056.png,酒
page53_char057.png,患
page53_char058.png,人
page53_char059.png,者
page53_char060.png,妙
page53_char061.png,uncertain
page53_char062.png,马
page53_char063.png,腧
page53_char064.png,卧
page53_char065.png,王
page53_char066.png,第
page53_char067.png,师
page53_char068.png,气
page53_char069.png,迟
page53_char070.png,uncertain
page53_char071.png,脾
page53_char072.png,难
page53_char073.png,走
page53_char074.png,起
page53_char075.png,uncertain
page53_char076.png,须
page53_char077.png,唇
page53_char078.png,脾
page53_char079.png,细
page54_char000.png,患
page54_char001.png,太
page54_char002.png,uncertain
page54_char003.png,也
page54_char004.png,论
page54_char005.png,塞
page54_char006.png,清
page54_char007.png,定
page54_char008.png,息
page54_char009.png,腧
page54_char010.png,马
page54_char011.png,脾
page54_char012.png,去
page54_char013.png,每
page54_char014.png,为
page54_char015.png,陈
page54_char016.png,未
page54_char017.png,术
page54_char018.png,环
page54_char019.png,噎
page54_char020.png,草
page54_char021.png,寒
page54_char022.png,法
page54_char023.png,而
page54_char024.png,散
page54_char025.png,董
page54_char026.png,料
page54_char027.png,搭
page54_char028.png,草
page54_char029.png,uncertain
page54_char030.png,然
page54_char031.png,而
page54_char032.png,捻
page54_char033.png,子
page54_char034.png,火
page54_char035.png,夜
page54_char036.png,草
page54_char037.png,沸
page54_char038.png,uncertain
page54_char039.png,末
page54_char040.png,发
page54_char041.png,喘
page54_char042.png,uncertain
page54_char043.png,致
page54_char044.png,出
page54_char045.png,uncertain
page54_char046.png,骤
page54_char047.png,卒
page54_char048.png,未
page54_char049.png,茯
page54_char050.png,厚
page54_char051.png,忌
page54_char052.png,远
page54_char053.png,戒
page54_char054.png,气
page54_char055.png,蒙
page54_char056.png,乘
page54_char057.png,三
page54_char058.png,散
page54_char059.png,相
page54_char060.png,凫
page54_char061.png,除
page54_char062.png,建
page54_char063.png,味
page54_char064.png,白
page54_char065.png,穴
page54_char066.png,五
page54_char067.png,牵
page54_char068.png,口
page54_char069.png,苓
page54_char070.png,uncertain
page54_char071.png,女
page54_char072.png,皮
page54_char073.png,浑
page54_char074.png,细
page54_char075.png,四
page54_char076.png,uncertain
page54_char077.png,三
page54_char078.png,猛
page54_char079.png,膈
page54_char080.png,二
page54_char081.png,uncertain
page54_char082.png,归
page54_char083.png,咽
page54_char084.png,来
page54_char085.png,片
page54_char086.png,迟
page54_char087.png,奔
page54_char088.png,食
page54_char089.png,忌
page54_char090.png,uncertain
page54_char091.png,乘
page54_char092.png,忌
page54_char093.png,中
page54_char094.png,未
page54_char095.png,口
page54_char096.png,细
page54_char097.png,服
page54_char098.png,色
page54_char099.png,缠
page54_char100.png,脾
page54_char101.png,中
page54_char102.png,者
page54_char103.png,理
page54_char104.png,嚾
page54_char105.png,uncertain
page54_char106.png,脾
page54_char107.png,煎
page54_char108.png,当
page54_char109.png,姜
page54_char110.png,王
page54_char111.png,侯
page54_char112.png,uncertain
page54_char113.png,因
page54_char114.png,主
page54_char115.png,白
page54_char116.png,喉
page55_char000.png,uncertain
page55_char001.png,塞
page55_char002.png,马
page55_char003.png,不
page55_char004.png,uncertain
page55_char005.png,者
page55_char006.png,噎
page55_char007.png,装
page55_char008.png,uncertain
page55_char009.png,水
page55_char010.png,而
page55_char011.png,粗
page55_char012.png,症
page55_char013.png,缩
page55_char014.png,喉
page55_char015.png,涎
page55_char016.png,促
page55_char017.png,胸
page55_char018.png,和
page55_char019.png,涎
page55_char020.png,也
page55_char021.png,而
page55_char022.png,黄
page55_char023.png,嚾
page55_char024.png,至
page55_char025.png,咽
page55_char026.png,凡
page55_char027.png,出
page55_char028.png,日
page55_char029.png,莫
page55_char030.png,中
page55_char031.png,uncertain
page55_char032.png,游
page55_char033.png,涎
page55_char034.png,也
page55_char035.png,能
page55_char036.png,促
page55_char037.png,uncertain
page55_char038.png,回
page55_char039.png,气
page55_char040.png,头
page55_char041.png,猛
page55_char042.png,伸
page55_char043.png,此
page55_char044.png,噎
page55_char045.png,者
page55_char046.png,曰
page55_char047.png,咽
page55_char048.png,连
page55_char049.png,师
page55_char050.png,少
page55_char051.png,身
page55_char052.png,喉
page55_char053.png,啌
page55_char054.png,兽
page55_char055.png,缩
page55_char056.png,自
page55_char057.png,料
page55_char058.png,令
page55_char059.png,噎
page55_char060.png,喘
page55_char061.png,坡
page55_char062.png,宜
page55_char063.png,uncertain
page55_char064.png,嚾
page55_char065.png,太
page55_char066.png,噎
page55_char067.png,木
page55_char068.png,气
page55_char069.png,头
page55_char070.png,连
page55_char071.png,可
page55_char072.png,项
page55_char073.png,出
page55_char074.png,入
page55_char075.png,缩
page55_char076.png,而
page55_char077.png,回
page55_char078.png,沫
page55_char079.png,而
page55_char080.png,环
page55_char081.png,自
page55_char082.png,uncertain
page55_char083.png,料
page55_char084.png,生
page55_char085.png,胃
page55_char086.png,uncertain
page55_char087.png,连
page55_char088.png,主
page55_char089.png,数
page55_char090.png,口
page55_char091.png,呈
page55_char092.png,通
page55_char093.png,申
page55_char094.png,俞
page55_char095.png,游
page55_char096.png,由
page55_char097.png,死
page55_char098.png,草
page55_char099.png,鼻
page55_char100.png,回
page55_char101.png,食
page55_char102.png,uncertain
page55_char103.png,后
page55_char104.png,嗽
page55_char105.png,草
page55_char106.png,脚
page55_char107.png,下
page55_char108.png,后
page55_char109.png,嚾
page55_char110.png,少
page55_char111.png,系
page55_char112.png,青
page55_char113.png,乘
page55_char114.png,曰
page55_char115.png,uncertain
page55_char116.png,碾
page55_char117.png,壮
page55_char118.png,相
page55_char119.png,致
page55_char120.png,嗽
page55_char121.png,马
page55_char122.png,清
page55_char123.png,急
page55_char124.png,uncertain
page55_char125.png,禾
page55_char126.png,相
page55_char127.png,关
page55_char128.png,之
page55_char129.png,口
page55_char130.png,项
page55_char131.png,油
page55_char132.png,高
page55_char133.png,曰
page55_char134.png,细
page55_char135.png,声
page55_char136.png,僵
page55_char137.png,是
page55_char138.png,系
page55_char139.png,草
page55_char140.png,急
page55_char141.png,脘
page55_char142.png,禾
page55_char143.png,uncertain
page55_char144.png,然
page55_char145.png,行
page55_char146.png,瓜
page55_char147.png,棒
page55_char148.png,喂
page55_char149.png,粗
page55_char150.png,油
page55_char151.png,细
page55_char152.png,uncertain
page55_char153.png,不
page55_char154.png,五
page55_char155.png,洪
page55_char156.png,知
page55_char157.png,人
page55_char158.png,赶
page55_char159.png,uncertain
page55_char160.png,子
page55_char161.png,清
page56_char000.png,uncertain
page56_char001.png,uncertain
page56_char002.png,理
page56_char003.png,蒂
page56_char004.png,上
page56_char005.png,两
page56_char006.png,共
page56_char007.png,末
page56_char008.png,即
page56_char009.png,内
page56_char010.png,木
page56_char011.png,通
page56_char012.png,芸
page56_char013.png,戒
page56_char014.png,中
page56_char015.png,草
page56_char016.png,香
page56_char017.png,颡
page56_char018.png,装
page56_char019.png,咽
page56_char020.png,筒
page56_char021.png,射
page56_char022.png,忌
page56_char023.png,马
page56_char024.png,马
page56_char025.png,uncertain
page56_char026.png,调
page56_char027.png,瓜
page56_char028.png,噎
page56_char029.png,uncertain
page56_char030.png,uncertain
page56_char031.png,细
page56_char032.png,末
page56_char033.png,为
page56_char034.png,胸
page56_char035.png,uncertain
page56_char036.png,用
page56_char037.png,之
page56_char038.png,uncertain
page56_char039.png,散
page56_char040.png,第
page56_char041.png,芸
page56_char042.png,鼻
page56_char043.png,患
page56_char044.png,集
page56_char045.png,uncertain
page56_char046.png,uncertain
page56_char047.png,uncertain
page56_char048.png,朝
page56_char049.png,子
page56_char050.png,手
page56_char051.png,uncertain
page56_char052.png,豆
page56_char053.png,下
page57_char000.png,uncertain
page57_char001.png,粪
page57_char002.png,满
page57_char003.png,为
page57_char004.png,热
page57_char005.png,驹
page57_char006.png,也
page57_char007.png,uncertain
page57_char008.png,及
page57_char009.png,热
page57_char010.png,者
page57_char011.png,未
page57_char012.png,马
page57_char013.png,头
page57_char014.png,血
page57_char015.png,董
page57_char016.png,黄
page57_char017.png,不
page57_char018.png,患
page57_char019.png,泻
page57_char020.png,其
page57_char021.png,未
page57_char022.png,胀
page57_char023.png,腹
page57_char024.png,蜀
page57_char025.png,喂
page57_char026.png,血
page57_char027.png,鸟
page57_char028.png,uncertain
page57_char029.png,马
page57_char030.png,大
page57_char031.png,uncertain
page57_char032.png,热
page57_char033.png,远
page57_char034.png,肠
page57_char035.png,幼
page57_char036.png,令
page57_char037.png,也
page57_char038.png,黄
page57_char039.png,柯
page57_char040.png,血
page57_char041.png,也
page57_char042.png,浆
page57_char043.png,热
page57_char044.png,乘
page57_char045.png,是
page57_char046.png,师
page57_char047.png,新
page57_char048.png,日
page57_char049.png,uncertain
page57_char050.png,uncertain
page57_char051.png,新
page57_char052.png,大
page57_char053.png,成
page57_char054.png,乾
page57_char055.png,uncertain
page57_char056.png,暴
page57_char057.png,到
page57_char058.png,泻
page57_char059.png,回
page57_char060.png,气
page57_char061.png,大
page57_char062.png,泻
page57_char063.png,两
page57_char064.png,热
page57_char065.png,第
page57_char066.png,水
page57_char067.png,相
page57_char068.png,地
page57_char069.png,驹
page57_char070.png,五
page57_char071.png,胀
page57_char072.png,末
page57_char073.png,食
page57_char074.png,帚
page57_char075.png,梅
page57_char076.png,幼
page57_char077.png,成
page57_char078.png,共
page57_char079.png,连
page57_char080.png,马
page57_char081.png,痛
page57_char082.png,出
page57_char083.png,症
page57_char084.png,散
page57_char085.png,粪
page57_char086.png,泻
page57_char087.png,相
page57_char088.png,皇
page57_char089.png,梅
page57_char090.png,中
page57_char091.png,朝
page57_char092.png,泻
page57_char093.png,鸟
page57_char094.png,同
page57_char095.png,泻
page57_char096.png,用
page57_char097.png,uncertain
page57_char098.png,马
page57_char099.png,腹
page57_char100.png,uncertain
page57_char101.png,驹
page57_char102.png,酿
page57_char103.png,分
page57_char104.png,分
page57_char105.png,和
page57_char106.png,渴
page57_char107.png,幼
page57_char108.png,顾
page57_char109.png,驹
page57_char110.png,致
page57_char111.png,uncertain
page57_char112.png,产
page57_char113.png,uncertain
page57_char114.png,各
page57_char115.png,阳
page57_char116.png,uncertain
page57_char117.png,uncertain
page57_char118.png,所
page57_char119.png,又
page57_char120.png,热
page57_char121.png,因
page57_char122.png,药
page57_char123.png,之
page57_char124.png,粪
page57_char125.png,调
page57_char126.png,月
page57_char127.png,者
page57_char128.png,骑
page57_char129.png,不
page57_char130.png,调
page57_char131.png,回
page57_char132.png,二
page57_char133.png,地
page57_char134.png,驹
page57_char135.png,歌
page57_char136.png,浆
page57_char137.png,柿
page57_char138.png,误
page57_char139.png,状
page57_char140.png,新
page57_char141.png,驹
page58_char000.png,热
page58_char001.png,鸟
page58_char002.png,灭
page58_char003.png,溺
page58_char004.png,鸟
page58_char005.png,驹
page58_char006.png,时
page58_char007.png,末
page58_char008.png,为
page58_char009.png,双
page58_char010.png,驹
page58_char011.png,uncertain
page58_char012.png,拴
page58_char013.png,大
page58_char014.png,血
page58_char015.png,马
page58_char016.png,调
page58_char017.png,养
page58_char018.png,嚾
page58_char019.png,白
page58_char020.png,新
page58_char021.png,罗
page58_char022.png,uncertain
page58_char023.png,钱
page58_char024.png,散
page58_char025.png,嚾
page58_char026.png,梅
page58_char027.png,散
page58_char028.png,董
page58_char029.png,嚾
page58_char030.png,归
page58_char031.png,梅
page58_char032.png,散
page58_char033.png,脉
page58_char034.png,梅
page58_char035.png,拴
page58_char036.png,后
page58_char037.png,红
page58_char038.png,喂
page58_char039.png,忌
page58_char040.png,马
page58_char041.png,汤
page58_char042.png,共
page58_char043.png,料
page58_char044.png,擂
page58_char045.png,调
page58_char046.png,未
page58_char047.png,喂
page58_char048.png,马
page58_char049.png,畏
page58_char050.png,驹
page58_char051.png,寒
page58_char052.png,个
page58_char053.png,黄
page58_char054.png,理
page58_char055.png,归
page58_char056.png,uncertain
page58_char057.png,之
page58_char058.png,uncertain
page58_char059.png,uncertain
page58_char060.png,之
page58_char061.png,uncertain
page58_char062.png,夜
page58_char063.png,之
page58_char064.png,内
page58_char065.png,洪
page58_char066.png,大
page58_char067.png,之
page58_char068.png,同
page58_char069.png,热
page58_char070.png,大
page58_char071.png,乾
page58_char072.png,生
page58_char073.png,乳
page58_char074.png,酷
page58_char075.png,之
page58_char076.png,所
page58_char077.png,uncertain
page58_char078.png,新
page58_char079.png,半
page58_char080.png,凫
page58_char081.png,生
page58_char082.png,厩
page58_char083.png,血
page58_char084.png,赤
page58_char085.png,己
page58_char086.png,戒
page59_char000.png,急
page59_char001.png,uncertain
page59_char002.png,乘
page59_char003.png,淤
page59_char004.png,太
page59_char005.png,散
page59_char006.png,胸
page59_char007.png,失
page59_char008.png,卒
page59_char009.png,热
page59_char010.png,结
page59_char011.png,内
page59_char012.png,骑
page59_char013.png,痛
page59_char014.png,痛
page59_char015.png,在
page59_char016.png,盛
page59_char017.png,卒
page59_char018.png,太
page59_char019.png,者
page59_char020.png,养
page59_char021.png,至
page59_char022.png,曰
page59_char023.png,马
page59_char024.png,花
page59_char025.png,血
page59_char026.png,骤
page59_char027.png,患
page59_char028.png,为
page59_char029.png,缘
page59_char030.png,血
page59_char031.png,调
page59_char032.png,气
page59_char033.png,花
page59_char034.png,uncertain
page59_char035.png,膈
page59_char036.png,于
page59_char037.png,来
page59_char038.png,也
page59_char039.png,曲
page59_char040.png,粉
page59_char041.png,焦
page59_char042.png,凝
page59_char043.png,带
page59_char044.png,五
page59_char045.png,五
page59_char046.png,歌
page59_char047.png,产
page59_char048.png,奔
page59_char049.png,不
page59_char050.png,痛
page59_char051.png,不
page59_char052.png,膁
page59_char053.png,病
page59_char054.png,花
page59_char055.png,草
page59_char056.png,uncertain
page59_char057.png,未
page59_char058.png,时
page59_char059.png,皮
page59_char060.png,连
page59_char061.png,神
page59_char062.png,必
page59_char063.png,先
page59_char064.png,毛
page59_char065.png,马
page59_char066.png,走
page59_char067.png,成
page59_char068.png,饱
page59_char069.png,中
page59_char070.png,服
page59_char071.png,右
page59_char072.png,母
page59_char073.png,茵
page59_char074.png,盏
page59_char075.png,然
page59_char076.png,天
page59_char077.png,兽
page59_char078.png,之
page59_char079.png,彻
page59_char080.png,uncertain
page59_char081.png,五
page59_char082.png,连
page59_char083.png,其
page59_char084.png,后
page59_char085.png,同
page59_char086.png,当
page59_char087.png,调
page59_char088.png,病
page59_char089.png,照
page59_char090.png,血
page59_char091.png,归
page59_char092.png,腰
page59_char093.png,翘
page59_char094.png,拴
page59_char095.png,台
page59_char096.png,攒
page59_char097.png,肥
page59_char098.png,淤
page59_char099.png,焦
page59_char100.png,叶
page59_char101.png,攒
page59_char102.png,集
page59_char103.png,肉
page59_char104.png,海
page59_char105.png,牵
page59_char106.png,当
page59_char107.png,低
page59_char108.png,散
page59_char109.png,定
page59_char110.png,后
page59_char111.png,之
page59_char112.png,嚾
page59_char113.png,头
page59_char114.png,痛
page59_char115.png,服
page59_char116.png,药
page59_char117.png,倦
page59_char118.png,曲
page59_char119.png,子
page59_char120.png,把
page59_char121.png,而
page59_char122.png,骑
page59_char123.png,肺
page59_char124.png,因
page59_char125.png,步
page59_char126.png,于
page59_char127.png,血
page59_char128.png,止
page59_char129.png,把
page59_char130.png,童
page59_char131.png,得
page59_char132.png,气
page59_char133.png,攒
page59_char134.png,溢
page60_char000.png,uncertain
page60_char001.png,uncertain
page60_char002.png,散
page60_char003.png,膁
page60_char004.png,后
page60_char005.png,攒
page60_char006.png,低
page60_char007.png,气
page60_char008.png,凝
page60_char009.png,通
page60_char010.png,攒
page60_char011.png,血
page60_char012.png,串
page60_char013.png,慎
page60_char014.png,胸
page60_char015.png,而
page60_char016.png,散
page60_char017.png,色
page60_char018.png,者
page60_char019.png,各
page60_char020.png,沉
page60_char021.png,缘
page60_char022.png,焦
page60_char023.png,然
page60_char024.png,者
page60_char025.png,攒
page60_char026.png,胸
page60_char027.png,出
page60_char028.png,相
page60_char029.png,自
page60_char030.png,曲
page60_char031.png,腰
page60_char032.png,头
page60_char033.png,唇
page60_char034.png,蚕
page60_char035.png,陈
page60_char036.png,两
page60_char037.png,茵
page60_char038.png,堂
page60_char039.png,把
page60_char040.png,别
page60_char041.png,滞
page60_char042.png,同
page60_char043.png,嚾
page60_char044.png,舌
page60_char045.png,马
page60_char046.png,俱
page60_char047.png,走
page60_char048.png,堂
page60_char049.png,头
page60_char050.png,者
page60_char051.png,为
page60_char052.png,血
page60_char053.png,血
page60_char054.png,五
page60_char055.png,红
page60_char056.png,毛
page60_char057.png,良
page60_char058.png,伤
page60_char059.png,治
page60_char060.png,之
page60_char061.png,uncertain
page60_char062.png,之
page60_char063.png,有
page60_char064.png,uncertain
page60_char065.png,料
page60_char066.png,状
page60_char067.png,之
page60_char068.png,彻
page60_char069.png,巴
page60_char070.png,痛
page60_char071.png,攒
page60_char072.png,针
page60_char073.png,马
page60_char074.png,治
page60_char075.png,其
page60_char076.png,uncertain
page60_char077.png,uncertain
page60_char078.png,法
page60_char079.png,把
page60_char080.png,头
page60_char081.png,堂
page60_char082.png,塞
page60_char083.png,肾
page61_char000.png,uncertain
page61_char001.png,末
page61_char002.png,伤
page61_char003.png,厩
page61_char004.png,每
page61_char005.png,花
page61_char006.png,攒
page61_char007.png,散
page61_char008.png,每
page61_char009.png,便
page61_char010.png,服
page61_char011.png,于
page61_char012.png,其
page61_char013.png,走
page61_char014.png,uncertain
page61_char015.png,清
page61_char016.png,花
page61_char017.png,者
page61_char018.png,青
page61_char019.png,便
page61_char020.png,等
page61_char021.png,削
page61_char022.png,之
page61_char023.png,二
page61_char024.png,油
page61_char025.png,白
page61_char026.png,嚾
page61_char027.png,五
page61_char028.png,红
page61_char029.png,右
page61_char030.png,皮
page61_char031.png,陈
page61_char032.png,黄
page61_char033.png,两
page61_char034.png,芽
page61_char035.png,水
page61_char036.png,查
page61_char037.png,uncertain
page61_char038.png,散
page61_char039.png,药
page61_char040.png,卧
page61_char041.png,忌
page61_char042.png,忌
page61_char043.png,夜
page61_char044.png,郊
page61_char045.png,子
page61_char046.png,又
page61_char047.png,调
page61_char048.png,甘
page61_char049.png,同
page61_char050.png,草
page61_char051.png,马
page61_char052.png,纵
page61_char053.png,伤
page61_char054.png,末
page61_char055.png,凡
page61_char056.png,料
page61_char057.png,童
page61_char058.png,花
page61_char059.png,理
page61_char060.png,升
page61_char061.png,梗
page61_char062.png,治
page61_char063.png,起
page61_char064.png,听
page61_char065.png,蹄
page61_char066.png,四
page61_char067.png,伤
page61_char068.png,两
page61_char069.png,马
page61_char070.png,二
page61_char071.png,皮
page61_char072.png,料
page61_char073.png,为
page62_char000.png,脏
page62_char001.png,蹲
page62_char002.png,患
page62_char003.png,肠
page62_char004.png,成
page62_char005.png,伤
page62_char006.png,患
page62_char007.png,腰
page62_char008.png,uncertain
page62_char009.png,度
page62_char010.png,逢
page62_char011.png,回
page62_char012.png,五
page62_char013.png,者
page62_char014.png,无
page62_char015.png,肠
page62_char016.png,兽
page62_char017.png,或
page62_char018.png,肠
page62_char019.png,其
page62_char020.png,边
page62_char021.png,烟
page62_char022.png,感
page62_char023.png,地
page62_char024.png,入
page62_char025.png,肠
page62_char026.png,脏
page62_char027.png,曰
page62_char028.png,通
page62_char029.png,嚾
page62_char030.png,风
page62_char031.png,痛
page62_char032.png,雨
page62_char033.png,于
page62_char034.png,饮
page62_char035.png,uncertain
page62_char036.png,腹
page62_char037.png,下
page62_char038.png,之
page62_char039.png,或
page62_char040.png,顾
page62_char041.png,痛
page62_char042.png,方
page62_char043.png,无
page62_char044.png,之
page62_char045.png,煤
page62_char046.png,热
page62_char047.png,阴
page62_char048.png,出
page62_char049.png,如
page62_char050.png,跪
page62_char051.png,无
page62_char052.png,伤
page62_char053.png,热
page62_char054.png,连
page62_char055.png,寒
page62_char056.png,马
page62_char057.png,卧
page62_char058.png,肿
page62_char059.png,致
page62_char060.png,卧
page62_char061.png,伤
page62_char062.png,渡
page62_char063.png,阴
page62_char064.png,须
page62_char065.png,卧
page62_char066.png,无
page62_char067.png,马
page62_char068.png,也
page62_char069.png,肠
page62_char070.png,占
page62_char071.png,歌
page62_char072.png,主
page62_char073.png,野
page62_char074.png,而
page62_char075.png,急
page62_char076.png,救
page62_char077.png,寒
page62_char078.png,纯
page62_char079.png,则
page62_char080.png,症
page62_char081.png,河
page62_char082.png,淋
page62_char083.png,感
page62_char084.png,致
page62_char085.png,寒
page62_char086.png,师
page62_char087.png,空
page62_char088.png,度
page62_char089.png,uncertain
page62_char090.png,脉
page62_char091.png,夜
page62_char092.png,医
page62_char093.png,争
page62_char094.png,过
page62_char095.png,纯
page62_char096.png,治
page62_char097.png,脏
page62_char098.png,来
page62_char099.png,百
page62_char100.png,因
page62_char101.png,头
page62_char102.png,渴
page62_char103.png,腹
page62_char104.png,之
page62_char105.png,冷
page62_char106.png,口
page62_char107.png,金
page62_char108.png,之
page62_char109.png,发
page62_char110.png,之
page62_char111.png,阴
page62_char112.png,五
page62_char113.png,地
page62_char114.png,顾
page62_char115.png,uncertain
page62_char116.png,起
page62_char117.png,严
page62_char118.png,又
page62_char119.png,之
page62_char120.png,病
page62_char121.png,腹
page62_char122.png,也
page62_char123.png,之
page62_char124.png,或
page62_char125.png,方
page62_char126.png,五
page62_char127.png,脉
page62_char128.png,阴
page62_char129.png,uncertain
page62_char130.png,脏
page62_char131.png,骥
page63_char000.png,uncertain
page63_char001.png,色
page63_char002.png,曰
page63_char003.png,觑
page63_char004.png,脉
page63_char005.png,亏
page63_char006.png,阴
page63_char007.png,脉
page63_char008.png,死
page63_char009.png,休
page63_char010.png,马
page63_char011.png,方
page63_char012.png,休
page63_char013.png,也
page63_char014.png,命
page63_char015.png,顾
page63_char016.png,卧
page63_char017.png,跪
page63_char018.png,头
page63_char019.png,出
page63_char020.png,医
page63_char021.png,医
page63_char022.png,色
page63_char023.png,痛
page63_char024.png,四
page63_char025.png,连
page63_char026.png,出
page63_char027.png,顾
page63_char028.png,度
page63_char029.png,死
page63_char030.png,五
page63_char031.png,无
page63_char032.png,上
page63_char033.png,应
page63_char034.png,时
page63_char035.png,良
page63_char036.png,症
page63_char037.png,uncertain
page63_char038.png,者
page63_char039.png,身
page63_char040.png,师
page63_char041.png,无
page63_char042.png,发
page63_char043.png,起
page63_char044.png,起
page63_char045.png,脏
page63_char046.png,煤
page63_char047.png,将
page63_char048.png,疗
page63_char049.png,煤
page63_char050.png,腹
page63_char051.png,无
page63_char052.png,炲
page63_char053.png,发
page63_char054.png,十
page63_char055.png,uncertain
page63_char056.png,肠
page63_char057.png,腹
page63_char058.png,uncertain
page63_char059.png,痛
page63_char060.png,纯
page63_char061.png,起
page63_char062.png,肠
page63_char063.png,uncertain
page63_char064.png,炲
page63_char065.png,舌
page63_char066.png,似
page63_char067.png,地
page63_char068.png,状
page63_char069.png,终
page63_char070.png,串
page63_char071.png,行
page63_char072.png,频
page63_char073.png,治
page63_char074.png,脉
page63_char075.png,腹
page63_char076.png,uncertain
page63_char077.png,汗
page63_char078.png,卧
page63_char079.png,多
page63_char080.png,阴
page63_char081.png,无
page64_char000.png,uncertain
page64_char001.png,粗
page64_char002.png,歌
page64_char003.png,肠
page64_char004.png,太
page64_char005.png,骤
page64_char006.png,饱
page64_char007.png,喘
page64_char008.png,跃
page64_char009.png,高
page64_char010.png,似
page64_char011.png,因
page64_char012.png,有
page64_char013.png,奔
page64_char014.png,水
page64_char015.png,地
page64_char016.png,也
page64_char017.png,伤
page64_char018.png,肠
page64_char019.png,气
page64_char020.png,君
page64_char021.png,鼻
page64_char022.png,断
page64_char023.png,术
page64_char024.png,过
page64_char025.png,粪
page64_char026.png,肠
page64_char027.png,前
page64_char028.png,浆
page64_char029.png,者
page64_char030.png,太
page64_char031.png,回
page64_char032.png,促
page64_char033.png,负
page64_char034.png,浆
page64_char035.png,奔
page64_char036.png,浆
page64_char037.png,腹
page64_char038.png,汉
page64_char039.png,粪
page64_char040.png,出
page64_char041.png,者
page64_char042.png,水
page64_char043.png,太
page64_char044.png,死
page64_char045.png,走
page64_char046.png,痛
page64_char047.png,枯
page64_char048.png,肠
page64_char049.png,疗
page64_char050.png,先
page64_char051.png,回
page64_char052.png,致
page64_char053.png,昂
page64_char054.png,方
page64_char055.png,身
page64_char056.png,粪
page64_char057.png,努
page64_char058.png,头
page64_char059.png,断
page64_char060.png,回
page64_char061.png,uncertain
page64_char062.png,肠
page64_char063.png,谓
page64_char064.png,焉
page64_char065.png,uncertain
page64_char066.png,争
page64_char067.png,也
page64_char068.png,者
page64_char069.png,颤
page64_char070.png,之
page64_char071.png,抢
page64_char072.png,uncertain
page64_char073.png,骥
page64_char074.png,肉
page64_char075.png,口
page64_char076.png,遇
page64_char077.png,昂
page64_char078.png,曰
page64_char079.png,马
page64_char080.png,食
page64_char081.png,满
page64_char082.png,之
page64_char083.png,虾
page64_char084.png,上
page64_char085.png,浑
page64_char086.png,方
page64_char087.png,皆
page64_char088.png,饱
page64_char089.png,跳
page64_char090.png,能
page64_char091.png,岗
page64_char092.png,虾
page64_char093.png,逢
page64_char094.png,喘
page64_char095.png,台
page64_char096.png,之
page64_char097.png,所
page64_char098.png,走
page64_char099.png,卧
page64_char100.png,不
page64_char101.png,损
page64_char102.png,粪
page64_char103.png,四
page64_char104.png,师
page64_char105.png,内
page64_char106.png,上
page64_char107.png,伤
page64_char108.png,uncertain
page64_char109.png,断
page64_char110.png,鼻
page64_char111.png,症
page64_char112.png,身
page64_char113.png,则
page64_char114.png,脉
page64_char115.png,饱
page64_char116.png,汗
page64_char117.png,鼻
page64_char118.png,蹙
page64_char119.png,总
page64_char120.png,头
page65_char000.png,马
page65_char001.png,uncertain
page65_char002.png,死
page65_char003.png,虾
page65_char004.png,如
page65_char005.png,uncertain
page65_char006.png,粪
page65_char007.png,四
page65_char008.png,亏
page65_char009.png,回
page65_char010.png,康
page65_char011.png,刻
page65_char012.png,开
page65_char013.png,虾
page65_char014.png,地
page65_char015.png,串
page65_char016.png,地
page65_char017.png,粪
page65_char018.png,卧
page65_char019.png,艮
page65_char020.png,古
page65_char021.png,浆
page65_char022.png,uncertain
page65_char023.png,曰
page65_char024.png,此
page65_char025.png,浑
page65_char026.png,女
page65_char027.png,病
page65_char028.png,当
page65_char029.png,头
page65_char030.png,鼻
page65_char031.png,时
page65_char032.png,回
page65_char033.png,死
page65_char034.png,论
page65_char035.png,uncertain
page66_char000.png,uncertain
page66_char001.png,症
page66_char002.png,参
page66_char003.png,气
page66_char004.png,塞
page66_char005.png,疮
page66_char006.png,者
page66_char007.png,病
page66_char008.png,者
page66_char009.png,热
page66_char010.png,皇
page66_char011.png,脉
page66_char012.png,气
page66_char013.png,泻
page66_char014.png,白
page66_char015.png,风
page66_char016.png,热
page66_char017.png,沉
page66_char018.png,匀
page66_char019.png,于
page66_char020.png,热
page66_char021.png,肺
page66_char022.png,参
page66_char023.png,脱
page66_char024.png,脉
page66_char025.png,肺
page66_char026.png,骑
page66_char027.png,其
page66_char028.png,痒
page66_char029.png,肉
page66_char030.png,窍
page66_char031.png,邪
page66_char032.png,者
page66_char033.png,散
page66_char034.png,肺
page66_char035.png,刺
page66_char036.png,风
page66_char037.png,日
page66_char038.png,瘙
page66_char039.png,洗
page66_char040.png,肥
page66_char041.png,毛
page66_char042.png,满
page66_char043.png,索
page66_char044.png,垢
page66_char045.png,毒
page66_char046.png,马
page66_char047.png,盛
page66_char048.png,浑
page66_char049.png,肺
page66_char050.png,肺
page66_char051.png,于
page66_char052.png,五
page66_char053.png,毛
page66_char054.png,血
page66_char055.png,血
page66_char056.png,生
page66_char057.png,肥
page66_char058.png,洗
page66_char059.png,极
page66_char060.png,生
page66_char061.png,要
page66_char062.png,令
page66_char063.png,遍
page66_char064.png,uncertain
page66_char065.png,浴
page66_char066.png,五
page66_char067.png,血
page66_char068.png,兽
page66_char069.png,肺
page66_char070.png,脂
page66_char071.png,之
page66_char072.png,uncertain
page66_char073.png,热
page66_char074.png,落
page66_char075.png,调
page66_char076.png,失
page66_char077.png,皮
page66_char078.png,复
page66_char079.png,经
page66_char080.png,毛
page66_char081.png,鹘
page66_char082.png,uncertain
page66_char083.png,uncertain
page66_char084.png,淤
page66_char085.png,热
page66_char086.png,肺
page66_char087.png,也
page66_char088.png,于
page66_char089.png,艮
page66_char090.png,更
page66_char091.png,煎
page66_char092.png,肺
page66_char093.png,远
page66_char094.png,胸
page66_char095.png,之
page66_char096.png,雍
page66_char097.png,擦
page66_char098.png,风
page66_char099.png,凉
page66_char100.png,医
page66_char101.png,uncertain
page66_char102.png,风
page66_char103.png,多
page66_char104.png,舌
page66_char105.png,患
page66_char106.png,肺
page66_char107.png,未
page66_char108.png,毛
page66_char109.png,uncertain
page66_char110.png,泻
page66_char111.png,风
page66_char112.png,咸
page66_char113.png,uncertain
page66_char114.png,用
page66_char115.png,uncertain
page66_char116.png,去
page66_char117.png,肺
page66_char118.png,禾
page66_char119.png,uncertain
page66_char120.png,也
page66_char121.png,痒
page66_char122.png,uncertain
page66_char123.png,此
page66_char124.png,皆
page66_char125.png,凉
page66_char126.png,uncertain
page66_char127.png,脿
page66_char128.png,王
page66_char129.png,瘙
page66_char130.png,洗
page66_char131.png,uncertain
page66_char132.png,血
page66_char133.png,uncertain
page66_char134.png,肺
page66_char135.png,须
page66_char136.png,日
page66_char137.png,uncertain
page67_char000.png,uncertain
page67_char001.png,散
page67_char002.png,鬃
page67_char003.png,嚾
page67_char004.png,疥
page67_char005.png,热
page67_char006.png,散
page67_char007.png,马
page67_char008.png,燥
page67_char009.png,uncertain
page67_char010.png,瘙
page67_char011.png,嚾
page67_char012.png,uncertain
page67_char013.png,搽
page67_char014.png,肺
page67_char015.png,者
page67_char016.png,尾
page67_char017.png,疼
page67_char018.png,风
page67_char019.png,方
page67_char020.png,参
page67_char021.png,冬
page67_char022.png,痒
page67_char023.png,脱
page67_char024.png,红
page67_char025.png,理
page67_char026.png,uncertain
page67_char027.png,树
page67_char028.png,凫
page67_char029.png,散
page67_char030.png,月
page67_char031.png,脿
page67_char032.png,皮
page67_char033.png,暖
page67_char034.png,疮
page67_char035.png,毛
page67_char036.png,瘙
page67_char037.png,燥
page67_char038.png,者
page67_char039.png,疼
page67_char040.png,赢
page67_char041.png,马
page67_char042.png,大
page67_char043.png,三
page67_char044.png,者
page67_char045.png,脉
page67_char046.png,疮
page67_char047.png,者
page67_char048.png,热
page67_char049.png,瘦
page67_char050.png,血
page67_char051.png,棚
page67_char052.png,破
page67_char053.png,之
page67_char054.png,uncertain
page67_char055.png,五
page67_char056.png,鲜
page67_char057.png,状
page67_char058.png,者
page67_char059.png,肺
page67_char060.png,参
page67_char061.png,瘦
page67_char062.png,uncertain
page67_char063.png,脉
page67_char064.png,燥
page67_char065.png,口
page67_char066.png,戒
page67_char067.png,调
page67_char068.png,之
page67_char069.png,洗
page67_char070.png,之
page67_char071.png,色
page67_char072.png,两
page67_char073.png,夏
page67_char074.png,绵
page67_char075.png,睡
page67_char076.png,卧
page67_char077.png,此
page67_char078.png,唇
page67_char079.png,色
page67_char080.png,涂
page67_char081.png,风
page67_char082.png,治
page67_char083.png,脿
page67_char084.png,甘
page67_char085.png,凡
page67_char086.png,瘙
page67_char087.png,擦
page67_char088.png,uncertain
page67_char089.png,半
page67_char090.png,细
page67_char091.png,岐
page67_char092.png,马
page67_char093.png,uncertain
page67_char094.png,皂
page67_char095.png,草
page67_char096.png,血
page67_char097.png,uncertain
page67_char098.png,角
page67_char099.png,双
page67_char100.png,末
page67_char101.png,鹘
page67_char102.png,uncertain
page67_char103.png,风
page67_char104.png,uncertain
page67_char105.png,系
page67_char106.png,uncertain
page67_char107.png,之
page67_char108.png,uncertain
page67_char109.png,热
page67_char110.png,忌
page67_char111.png,者
page67_char112.png,uncertain
page67_char113.png,可
page67_char114.png,双
page67_char115.png,冬
page67_char116.png,凡
page67_char117.png,为
page67_char118.png,去
page67_char119.png,燥
page67_char120.png,两
page67_char121.png,凉
page67_char122.png,uncertain
page67_char123.png,瘙
page67_char124.png,地
page67_char125.png,成
page67_char126.png,去
page68_char000.png,uncertain
page68_char001.png,之
page68_char002.png,草
page68_char003.png,三
page68_char004.png,黎
page68_char005.png,各
page68_char006.png,去
page68_char007.png,甘
page68_char008.png,燥
page68_char009.png,uncertain
page68_char010.png,uncertain
page68_char011.png,uncertain
page68_char012.png,弱
page68_char013.png,带
page68_char014.png,肺
page68_char015.png,玄
page68_char016.png,uncertain
page68_char017.png,末
page68_char018.png,上
page68_char019.png,搽
page68_char020.png,马
page68_char021.png,升
page68_char022.png,汁
page68_char023.png,灵
page68_char024.png,蜀
page68_char025.png,处
page68_char026.png,瘦
page68_char027.png,由
page68_char028.png,同
page68_char029.png,风
page68_char030.png,之
page68_char031.png,散
page68_char032.png,uncertain
page68_char033.png,之
page68_char034.png,盏
page68_char035.png,芦
page68_char036.png,已
page68_char037.png,皂
page68_char038.png,热
page68_char039.png,甘
page68_char040.png,马
page68_char041.png,花
page68_char042.png,鸟
page68_char043.png,椿
page68_char044.png,uncertain
page68_char045.png,uncertain
page68_char046.png,肺
page68_char047.png,候
page68_char048.png,草
page68_char049.png,汤
page68_char050.png,水
page69_char000.png,uncertain
page69_char001.png,蛇
page69_char002.png,马
page69_char003.png,转
page69_char004.png,斜
page69_char005.png,瘙
page69_char006.png,风
page69_char007.png,父
page69_char008.png,经
page69_char009.png,末
page69_char010.png,为
page69_char011.png,风
page69_char012.png,寒
page69_char013.png,马
page69_char014.png,床
page69_char015.png,至
page69_char016.png,脱
page69_char017.png,草
page69_char018.png,散
page69_char019.png,方
page69_char020.png,也
page69_char021.png,尾
page69_char022.png,uncertain
page69_char023.png,带
page69_char024.png,出
page69_char025.png,每
page69_char026.png,uncertain
page69_char027.png,大
page69_char028.png,低
page69_char029.png,疥
page69_char030.png,虽
page69_char031.png,马
page69_char032.png,头
page69_char033.png,末
page69_char034.png,大
page69_char035.png,造
page69_char036.png,搽
page69_char037.png,不
page69_char038.png,远
page69_char039.png,阑
page69_char040.png,月
page69_char041.png,uncertain
page69_char042.png,调
page69_char043.png,直
page69_char044.png,生
page69_char045.png,乾
page69_char046.png,严
page69_char047.png,用
page69_char048.png,回
page69_char049.png,淤
page69_char050.png,之
page69_char051.png,血
page69_char052.png,腰
page69_char053.png,uncertain
page69_char054.png,己
page69_char055.png,夜
page69_char056.png,瘙
page69_char057.png,为
page69_char058.png,卸
page69_char059.png,脊
page69_char060.png,洗
page69_char061.png,项
page69_char062.png,因
page69_char063.png,罗
page69_char064.png,感
page69_char065.png,项
page69_char066.png,右
page69_char067.png,者
page69_char068.png,司
page69_char069.png,胀
page69_char070.png,水
page69_char071.png,风
page69_char072.png,同
page69_char073.png,令
page69_char074.png,之
page69_char075.png,盏
page69_char076.png,一
page69_char077.png,碾
page69_char078.png,鞍
page69_char079.png,出
page69_char080.png,气
page69_char081.png,等
page69_char082.png,骑
page69_char083.png,难
page69_char084.png,痞
page69_char085.png,胸
page69_char086.png,上
page69_char087.png,细
page69_char088.png,虀
page69_char089.png,糖
page69_char090.png,沸
page69_char091.png,油
page69_char092.png,板
page69_char093.png,患
page69_char094.png,嚾
page69_char095.png,厩
page69_char096.png,名
page69_char097.png,寒
page69_char098.png,两
page69_char099.png,风
page69_char100.png,方
page69_char101.png,艮
page70_char000.png,鹘
page70_char001.png,其
page70_char002.png,散
page70_char003.png,咸
page70_char004.png,腰
page70_char005.png,源
page70_char006.png,项
page70_char007.png,气
page70_char008.png,两
page70_char009.png,uncertain
page70_char010.png,者
page70_char011.png,低
page70_char012.png,uncertain
page70_char013.png,uncertain
page70_char014.png,艮
page70_char015.png,表
page70_char016.png,攒
page70_char017.png,痊
page70_char018.png,諸
page70_char019.png,项
page70_char020.png,顾
page70_char021.png,连
page70_char022.png,病
page70_char023.png,首
page70_char024.png,硬
page70_char025.png,安
page70_char026.png,当
page70_char027.png,百
page70_char028.png,日
page70_char029.png,皇
page70_char030.png,脊
page70_char031.png,气
page70_char032.png,须
page70_char033.png,脉
page70_char034.png,立
page70_char035.png,申
page70_char036.png,风
page70_char037.png,项
page70_char038.png,饶
page70_char039.png,疗
page70_char040.png,日
page70_char041.png,翘
page70_char042.png,兼
page70_char043.png,关
page70_char044.png,血
page70_char045.png,连
page70_char046.png,腰
page70_char047.png,血
page70_char048.png,善
page70_char049.png,项
page70_char050.png,出
page70_char051.png,脊
page70_char052.png,功
page70_char053.png,鞍
page70_char054.png,项
page70_char055.png,者
page70_char056.png,uncertain
page70_char057.png,风
page70_char058.png,脊
page70_char059.png,肋
page70_char060.png,忠
page70_char061.png,椽
page70_char062.png,转
page70_char063.png,uncertain
page70_char064.png,项
page70_char065.png,能
page70_char066.png,带
page70_char067.png,若
page70_char068.png,马
page70_char069.png,难
page70_char070.png,难
page70_char071.png,曰
page70_char072.png,连
page70_char073.png,百
page70_char074.png,针
page70_char075.png,嚾
page70_char076.png,门
page70_char077.png,症
page70_char078.png,艮
page70_char079.png,窍
page70_char080.png,痊
page70_char081.png,针
page70_char082.png,曰
page70_char083.png,uncertain
page70_char084.png,棚
page70_char085.png,歌
page70_char086.png,uncertain
page70_char087.png,脊
page70_char088.png,治
page70_char089.png,椽
page70_char090.png,工
page70_char091.png,肾
page70_char092.png,始
page70_char093.png,解
page70_char094.png,伊
page70_char095.png,解
page70_char096.png,安
page70_char097.png,uncertain
page70_char098.png,之
page70_char099.png,王
page70_char100.png,说
page70_char101.png,回
page70_char102.png,日
page70_char103.png,低
page70_char104.png,翘
page70_char105.png,uncertain
page70_char106.png,治
page70_char107.png,矣
page70_char108.png,uncertain
page70_char109.png,通
page70_char110.png,uncertain
page70_char111.png,伏
page70_char112.png,师
page70_char113.png,uncertain
page70_char114.png,uncertain
page70_char115.png,大
page70_char116.png,棚
page70_char117.png,uncertain
page71_char000.png,连
page71_char001.png,翘
page71_char002.png,吹
page71_char003.png,项
page71_char004.png,晴
page71_char005.png,马
page71_char006.png,低
page71_char007.png,翘
page71_char008.png,脊
page71_char009.png,紫
page71_char010.png,气
page71_char011.png,患
page71_char012.png,放
page71_char013.png,散
page71_char014.png,风
page71_char015.png,瓜
page71_char016.png,肉
page71_char017.png,母
page71_char018.png,uncertain
page71_char019.png,太
page71_char020.png,脾
page71_char021.png,上
page71_char022.png,防
page71_char023.png,低
page71_char024.png,者
page71_char025.png,贝
page71_char026.png,得
page71_char027.png,每
page71_char028.png,饮
page71_char029.png,头
page71_char030.png,知
page71_char031.png,乐
page71_char032.png,母
page71_char033.png,两
page71_char034.png,不
page71_char035.png,uncertain
page71_char036.png,uncertain
page71_char037.png,uncertain
page71_char038.png,涎
page71_char039.png,uncertain
page71_char040.png,吐
page71_char041.png,于
page71_char042.png,养
page71_char043.png,uncertain
page71_char044.png,形
page71_char045.png,五
page71_char046.png,梗
page71_char047.png,过
page71_char048.png,末
page71_char049.png,散
page71_char050.png,芷
page71_char051.png,侵
page71_char052.png,喂
page71_char053.png,仁
page71_char054.png,马
page71_char055.png,子
page71_char056.png,紫
page71_char057.png,脉
page71_char058.png,uncertain
page71_char059.png,病
page71_char060.png,半
page71_char061.png,翘
page71_char062.png,野
page71_char063.png,寒
page71_char064.png,两
page71_char065.png,煎
page71_char066.png,也
page71_char067.png,迟
page71_char068.png,休
page71_char069.png,厩
page71_char070.png,不
page71_char071.png,服
page71_char072.png,淋
page71_char073.png,中
page71_char074.png,肌
page71_char075.png,粗
page71_char076.png,水
page71_char077.png,第
page71_char078.png,药
page71_char079.png,片
page71_char080.png,沉
page71_char081.png,当
page71_char082.png,西
page71_char083.png,头
page71_char084.png,项
page71_char085.png,转
page71_char086.png,uncertain
page71_char087.png,入
page71_char088.png,因
page71_char089.png,失
page71_char090.png,针
page71_char091.png,彻
page71_char092.png,归
page71_char093.png,脾
page71_char094.png,萎
page71_char095.png,状
page71_char096.png,uncertain
page71_char097.png,难
page71_char098.png,马
page71_char099.png,治
page71_char100.png,巷
page71_char101.png,暖
page71_char102.png,之
page71_char103.png,首
page71_char104.png,七
page71_char105.png,伯
page71_char106.png,脾
page71_char107.png,渴
page71_char108.png,里
page71_char109.png,晒
page71_char110.png,调
page71_char111.png,脊
page71_char112.png,百
page71_char113.png,胃
page71_char114.png,于
page71_char115.png,杏
page71_char116.png,苏
page71_char117.png,灌
page71_char118.png,去
page71_char119.png,不
page71_char120.png,桔
page71_char121.png,董
page71_char122.png,间
page71_char123.png,新
page71_char124.png,夜
page71_char125.png,十
page71_char126.png,之
page71_char127.png,出
page71_char128.png,uncertain
page72_char000.png,uncertain
page72_char001.png,热
page72_char002.png,脏
page72_char003.png,散
page72_char004.png,精
page72_char005.png,致
page72_char006.png,凡
page72_char007.png,细
page72_char008.png,者
page72_char009.png,然
page72_char010.png,脾
page72_char011.png,也
page72_char012.png,温
page72_char013.png,断
page72_char014.png,症
page72_char015.png,不
page72_char016.png,治
page72_char017.png,涎
page72_char018.png,马
page72_char019.png,疮
page72_char020.png,细
page72_char021.png,针
page72_char022.png,健
page72_char023.png,舌
page72_char024.png,寒
page72_char025.png,者
page72_char026.png,煎
page72_char027.png,吐
page72_char028.png,调
page72_char029.png,腧
page72_char030.png,耳
page72_char031.png,歌
page72_char032.png,穴
page72_char033.png,皇
page72_char034.png,生
page72_char035.png,之
page72_char036.png,冷
page72_char037.png,胃
page72_char038.png,脾
page72_char039.png,脾
page72_char040.png,脾
page72_char041.png,火
page72_char042.png,健
page72_char043.png,伤
page72_char044.png,肉
page72_char045.png,uncertain
page72_char046.png,血
page72_char047.png,先
page72_char048.png,药
page72_char049.png,也
page72_char050.png,青
page72_char051.png,酒
page72_char052.png,病
page72_char053.png,也
page72_char054.png,者
page72_char055.png,宜
page72_char056.png,uncertain
page72_char057.png,色
page72_char058.png,颤
page72_char059.png,经
page72_char060.png,曰
page72_char061.png,处
page72_char062.png,口
page72_char063.png,和
page72_char064.png,uncertain
page72_char065.png,过
page72_char066.png,散
page72_char067.png,膁
page72_char068.png,状
page72_char069.png,仔
page72_char070.png,董
page72_char071.png,口
page72_char072.png,针
page72_char073.png,细
page72_char074.png,凡
page72_char075.png,神
page72_char076.png,肠
page72_char077.png,内
page72_char078.png,uncertain
page72_char079.png,此
page72_char080.png,内
page72_char081.png,吐
page72_char082.png,令
page72_char083.png,寒
page72_char084.png,涎
page72_char085.png,黄
page72_char086.png,冷
page72_char087.png,治
page72_char088.png,毛
page72_char089.png,之
page72_char090.png,乘
page72_char091.png,清
page72_char092.png,日
page72_char093.png,症
page72_char094.png,建
page72_char095.png,针
page72_char096.png,健
page72_char097.png,相
page72_char098.png,伏
page72_char099.png,少
page72_char100.png,暖
page72_char101.png,脾
page72_char102.png,涎
page72_char103.png,形
page72_char104.png,脾
page72_char105.png,此
page72_char106.png,之
page72_char107.png,王
page72_char108.png,上
page72_char109.png,脾
page72_char110.png,状
page72_char111.png,沉
page73_char000.png,uncertain
page73_char001.png,马
page73_char002.png,uncertain
page73_char003.png,足
page73_char004.png,饮
page73_char005.png,之
page73_char006.png,厩
page73_char007.png,之
page73_char008.png,脾
page73_char009.png,忌
page73_char010.png,治
page73_char011.png,养
page73_char012.png,uncertain
page73_char013.png,之
page73_char014.png,喂
page73_char015.png,每
page73_char016.png,于
page73_char017.png,石
page73_char018.png,吐
page73_char019.png,末
page73_char020.png,背
page73_char021.png,之
page73_char022.png,归
page73_char023.png,两
page73_char024.png,健
page73_char025.png,董
page73_char026.png,黄
page73_char027.png,枳
page73_char028.png,草
page73_char029.png,色
page73_char030.png,伤
page73_char031.png,散
page73_char032.png,官
page73_char033.png,沉
page73_char034.png,粘
page73_char035.png,壳
page73_char036.png,青
page73_char037.png,脉
page73_char038.png,水
page74_char000.png,uncertain
page74_char001.png,黄
page74_char002.png,黄
page74_char003.png,膁
page74_char004.png,太
page74_char005.png,膁
page74_char006.png,软
page74_char007.png,腰
page74_char008.png,养
page74_char009.png,盛
page74_char010.png,虚
page74_char011.png,黄
page74_char012.png,而
page74_char013.png,者
page74_char014.png,黄
page74_char015.png,对
page74_char016.png,黄
page74_char017.png,焦
page74_char018.png,成
page74_char019.png,流
page74_char020.png,内
page74_char021.png,头
page74_char022.png,白
page74_char023.png,因
page74_char024.png,堪
page74_char025.png,曰
page74_char026.png,医
page74_char027.png,也
page74_char028.png,肿
page74_char029.png,膁
page74_char030.png,热
page74_char031.png,耳
page74_char032.png,上
page74_char033.png,肾
page74_char034.png,则
page74_char035.png,低
page74_char036.png,uncertain
page74_char037.png,搭
page74_char038.png,致
page74_char039.png,黄
page74_char040.png,患
page74_char041.png,费
page74_char042.png,余
page74_char043.png,工
page74_char044.png,出
page74_char045.png,君
page74_char046.png,草
page74_char047.png,脏
page74_char048.png,马
page74_char049.png,傍
page74_char050.png,注
page74_char051.png,歌
page74_char052.png,徒
page74_char053.png,二
page74_char054.png,耳
page74_char055.png,于
page74_char056.png,谷
page74_char057.png,者
page74_char058.png,兼
page74_char059.png,傍
page74_char060.png,内
page74_char061.png,uncertain
page74_char062.png,不
page74_char063.png,三
page74_char064.png,劳
page74_char065.png,喂
page74_char066.png,色
page74_char067.png,苗
page74_char068.png,十
page74_char069.png,源
page74_char070.png,低
page74_char071.png,气
page74_char072.png,立
page74_char073.png,焦
page74_char074.png,三
page74_char075.png,内
page74_char076.png,肾
page74_char077.png,热
page74_char078.png,向
page74_char079.png,傍
page74_char080.png,舌
page74_char081.png,谓
page74_char082.png,uncertain
page74_char083.png,积
page74_char084.png,内
page74_char085.png,生
page75_char000.png,uncertain
page75_char001.png,软
page75_char002.png,腰
page75_char003.png,难
page75_char004.png,状
page75_char005.png,傍
page75_char006.png,日
page75_char007.png,膁
page75_char008.png,期
page75_char009.png,艮
page75_char010.png,肿
page75_char011.png,耳
page75_char012.png,息
page75_char013.png,必
page75_char014.png,头
page75_char015.png,低
page75_char016.png,马
page75_char017.png,搭
page75_char018.png,紫
page75_char019.png,色
page75_char020.png,脉
page75_char021.png,必
page75_char022.png,五
page75_char023.png,uncertain
page75_char024.png,症
page75_char025.png,蚕
page75_char026.png,曰
page75_char027.png,耳
page75_char028.png,死
page75_char029.png,立
page75_char030.png,uncertain
page75_char031.png,卧
page75_char032.png,青
page75_char033.png,膁
page75_char034.png,休
page75_char035.png,索
page75_char036.png,四
page75_char037.png,头
page75_char038.png,串
page75_char039.png,如
page75_char040.png,色
page75_char041.png,内
page75_char042.png,uncertain
page75_char043.png,兼
page75_char044.png,黄
page75_char045.png,无
page75_char046.png,胯
page75_char047.png,之
page75_char048.png,解
page75_char049.png,前
page75_char050.png,此
page75_char051.png,医
page75_char052.png,uncertain
page75_char053.png,喘
page75_char054.png,闭
page76_char000.png,散
page76_char001.png,骤
page76_char002.png,驰
page76_char003.png,煮
page76_char004.png,其
page76_char005.png,拖
page76_char006.png,肾
page76_char007.png,翻
page76_char008.png,蹲
page76_char009.png,瘦
page76_char010.png,盛
page76_char011.png,散
page76_char012.png,元
page76_char013.png,腰
page76_char014.png,气
page76_char015.png,鞍
page76_char016.png,肾
page76_char017.png,肠
page76_char018.png,uncertain
page76_char019.png,醋
page76_char020.png,气
page76_char021.png,巴
page76_char022.png,温
page76_char023.png,冷
page76_char024.png,拖
page76_char025.png,复
page76_char026.png,也
page76_char027.png,金
page76_char028.png,uncertain
page76_char029.png,茴
page76_char030.png,治
page76_char031.png,uncertain
page76_char032.png,牙
page76_char033.png,腰
page76_char034.png,而
page76_char035.png,力
page76_char036.png,曰
page76_char037.png,乘
page76_char038.png,脏
page76_char039.png,嚾
page76_char040.png,uncertain
page76_char041.png,动
page76_char042.png,曲
page76_char043.png,无
page76_char044.png,火
page76_char045.png,拖
page76_char046.png,虚
page76_char047.png,也
page76_char048.png,直
page76_char049.png,uncertain
page76_char050.png,脚
page76_char051.png,受
page76_char052.png,过
page76_char053.png,汗
page76_char054.png,拖
page76_char055.png,重
page76_char056.png,肾
page76_char057.png,退
page76_char058.png,难
page76_char059.png,毛
page76_char060.png,骝
page76_char061.png,椽
page76_char062.png,牵
page76_char063.png,如
page76_char064.png,依
page76_char065.png,者
page76_char066.png,卸
page76_char067.png,茴
page76_char068.png,uncertain
page76_char069.png,转
page76_char070.png,饮
page76_char071.png,之
page76_char072.png,师
page76_char073.png,前
page76_char074.png,山
page76_char075.png,传
page76_char076.png,安
page76_char077.png,肾
page76_char078.png,依
page76_char079.png,肋
page76_char080.png,者
page76_char081.png,步
page76_char082.png,曰
page76_char083.png,头
page76_char084.png,月
page76_char085.png,香
page76_char086.png,伤
page76_char087.png,也
page76_char088.png,也
page76_char089.png,经
page76_char090.png,治
page77_char000.png,uncertain
page77_char001.png,步
page77_char002.png,uncertain
page77_char003.png,理
page77_char004.png,厩
page77_char005.png,气
page77_char006.png,uncertain
page77_char007.png,胯
page77_char008.png,头
page77_char009.png,胯
page77_char010.png,痛
page77_char011.png,暖
page77_char012.png,低
page77_char013.png,耳
page77_char014.png,尾
page77_char015.png,脉
page77_char016.png,散
page77_char017.png,香
page77_char018.png,月
page77_char019.png,uncertain
page77_char020.png,uncertain
page77_char021.png,痛
page77_char022.png,脉
page77_char023.png,调
page77_char024.png,丁
page77_char025.png,月
page77_char026.png,尊
page77_char027.png,痛
page77_char028.png,马
page77_char029.png,命
page77_char030.png,uncertain
page77_char031.png,邪
page77_char032.png,畏
page77_char033.png,uncertain
page77_char034.png,穰
page77_char035.png,脚
page77_char036.png,草
page77_char037.png,uncertain
page77_char038.png,黄
page77_char039.png,uncertain
page77_char040.png,气
page77_char041.png,患
page77_char042.png,搭
page77_char043.png,腿
page77_char044.png,吹
page77_char045.png,如
page77_char046.png,湿
page77_char047.png,香
page77_char048.png,忌
page77_char049.png,uncertain
page77_char050.png,状
page77_char051.png,uncertain
page77_char052.png,掠
page77_char053.png,养
page77_char054.png,uncertain
page77_char055.png,处
page77_char056.png,uncertain
page77_char057.png,痛
page77_char058.png,蹲
page77_char059.png,方
page77_char060.png,uncertain
page77_char061.png,巴
page77_char062.png,散
page77_char063.png,uncertain
page77_char064.png,uncertain
page77_char065.png,uncertain
page77_char066.png,uncertain
page77_char067.png,uncertain
page77_char068.png,直
page77_char069.png,大
page77_char070.png,戒
page78_char000.png,也
page78_char001.png,热
page78_char002.png,骑
page78_char003.png,乘
page78_char004.png,料
page78_char005.png,头
page78_char006.png,生
page78_char007.png,肺
page78_char008.png,经
page78_char009.png,数
page78_char010.png,子
page78_char011.png,黄
page78_char012.png,彻
page78_char013.png,炎
page78_char014.png,uncertain
page78_char015.png,末
page78_char016.png,uncertain
page78_char017.png,而
page78_char018.png,疮
page78_char019.png,uncertain
page78_char020.png,肥
page78_char021.png,消
page78_char022.png,有
page78_char023.png,乘
page78_char024.png,去
page78_char025.png,散
page78_char026.png,经
page78_char027.png,唇
page78_char028.png,也
page78_char029.png,生
page78_char030.png,良
page78_char031.png,积
page78_char032.png,者
page78_char033.png,飞
page78_char034.png,太
page78_char035.png,之
page78_char036.png,喂
page78_char037.png,积
page78_char038.png,气
page78_char039.png,脿
page78_char040.png,茴
page78_char041.png,舌
page78_char042.png,朝
page78_char043.png,耳
page78_char044.png,发
page78_char045.png,潮
page78_char046.png,草
page78_char047.png,火
page78_char048.png,心
page78_char049.png,曰
page78_char050.png,沸
page78_char051.png,uncertain
page78_char052.png,服
page78_char053.png,之
page78_char054.png,散
page78_char055.png,金
page78_char056.png,uncertain
page78_char057.png,皆
page78_char058.png,地
page78_char059.png,uncertain
page78_char060.png,土
page78_char061.png,除
page78_char062.png,uncertain
page78_char063.png,根
page78_char064.png,每
page78_char065.png,绢
page78_char066.png,奇
page78_char067.png,雍
page78_char068.png,上
page78_char069.png,袋
page78_char070.png,故
page78_char071.png,内
page78_char072.png,涎
page78_char073.png,脉
page78_char074.png,草
page78_char075.png,病
page78_char076.png,太
page78_char077.png,歌
page78_char078.png,心
page78_char079.png,唇
page78_char080.png,为
page78_char081.png,于
page78_char082.png,咽
page78_char083.png,生
page78_char084.png,脉
page78_char085.png,料
page78_char086.png,瓜
page78_char087.png,空
page78_char088.png,两
page78_char089.png,加
page78_char090.png,鹘
page78_char091.png,生
page78_char092.png,疮
page78_char093.png,香
page78_char094.png,热
page78_char095.png,uncertain
page78_char096.png,黄
page78_char097.png,uncertain
page78_char098.png,练
page78_char099.png,舌
page78_char100.png,己
page78_char101.png,刚
page78_char102.png,燥
page78_char103.png,盛
page78_char104.png,上
page78_char105.png,甘
page78_char106.png,唇
page78_char107.png,uncertain
page78_char108.png,肿
page79_char000.png,uncertain
page79_char001.png,热
page79_char002.png,uncertain
page79_char003.png,症
page79_char004.png,色
page79_char005.png,凉
page79_char006.png,内
page79_char007.png,者
page79_char008.png,口
page79_char009.png,无
page79_char010.png,致
page79_char011.png,赤
page79_char012.png,内
page79_char013.png,病
page79_char014.png,凡
page79_char015.png,热
page79_char016.png,咽
page79_char017.png,马
page79_char018.png,鹘
page79_char019.png,脉
page79_char020.png,凫
page79_char021.png,脉
page79_char022.png,者
page79_char023.png,唇
page79_char024.png,也
page79_char025.png,五
page79_char026.png,降
page79_char027.png,uncertain
page79_char028.png,涎
page79_char029.png,王
page79_char030.png,曰
page79_char031.png,生
page79_char032.png,uncertain
page79_char033.png,兴
page79_char034.png,之
page79_char035.png,数
page79_char036.png,药
page79_char037.png,清
page79_char038.png,uncertain
page79_char039.png,磨
page79_char040.png,有
page79_char041.png,涎
page79_char042.png,洗
page79_char043.png,马
page79_char044.png,uncertain
page79_char045.png,也
page79_char046.png,舌
page79_char047.png,针
page79_char048.png,疮
page79_char049.png,uncertain
page79_char050.png,唇
page79_char051.png,乘
page79_char052.png,uncertain
page79_char053.png,皇
page79_char054.png,热
page79_char055.png,之
page79_char056.png,须
page79_char057.png,艮
page79_char058.png,曰
page79_char059.png,uncertain
page79_char060.png,谓
page79_char061.png,中
page79_char062.png,用
page79_char063.png,然
page79_char064.png,双
page79_char065.png,古
page79_char066.png,衔
page79_char067.png,赤
page79_char068.png,凡
page79_char069.png,心
page79_char070.png,曰
page79_char071.png,涎
page79_char072.png,难
page79_char073.png,此
page79_char074.png,者
page79_char075.png,乘
page79_char076.png,生
page79_char077.png,舌
page79_char078.png,疮
page79_char079.png,须
page79_char080.png,之
page79_char081.png,状
page80_char000.png,uncertain
page80_char001.png,王
page80_char002.png,热
page80_char003.png,服
page80_char004.png,生
page80_char005.png,生
page80_char006.png,袋
page80_char007.png,王
page80_char008.png,五
page80_char009.png,盛
page80_char010.png,经
page80_char011.png,内
page80_char012.png,败
page80_char013.png,患
page80_char014.png,末
page80_char015.png,uncertain
page80_char016.png,马
page80_char017.png,水
page80_char018.png,茶
page80_char019.png,牵
page80_char020.png,子
page80_char021.png,uncertain
page80_char022.png,者
page80_char023.png,失
page80_char024.png,因
page80_char025.png,马
page80_char026.png,内
page80_char027.png,喂
page80_char028.png,十
page80_char029.png,uncertain
page80_char030.png,知
page80_char031.png,方
page80_char032.png,出
page80_char033.png,青
page80_char034.png,黄
page80_char035.png,绢
page80_char036.png,消
page80_char037.png,黛
page80_char038.png,伤
page80_char039.png,水
page80_char040.png,为
page80_char041.png,右
page80_char042.png,之
page80_char043.png,口
page80_char044.png,散
page80_char045.png,末
page80_char046.png,集
page80_char047.png,三
page80_char048.png,赢
page80_char049.png,于
page80_char050.png,于
page80_char051.png,也
page80_char052.png,马
page80_char053.png,处
page80_char054.png,末
page80_char055.png,调
page80_char056.png,甘
page80_char057.png,肠
page80_char058.png,心
page80_char059.png,口
page80_char060.png,母
page80_char061.png,uncertain
page80_char062.png,太
page80_char063.png,黄
page80_char064.png,双
page80_char065.png,硝
page80_char066.png,uncertain
page80_char067.png,患
page80_char068.png,中
page80_char069.png,之
page80_char070.png,水
page80_char071.png,嚾
page80_char072.png,连
page80_char073.png,uncertain
page80_char074.png,嚾
page80_char075.png,鹘
page80_char076.png,关
page80_char077.png,出
page80_char078.png,司
page80_char079.png,水
page80_char080.png,驹
page80_char081.png,照
page80_char082.png,山
page80_char083.png,误
page80_char084.png,内
page81_char000.png,uncertain
page81_char001.png,牵
page81_char002.png,散
page81_char003.png,不
page81_char004.png,uncertain
page82_char000.png,uncertain
page82_char001.png,uncertain
page83_char000.png,调
page83_char001.png,uncertain
page83_char002.png,太
page83_char003.png,uncertain
page83_char004.png,致
page83_char005.png,猛
page83_char006.png,uncertain
page83_char007.png,uncertain
page83_char008.png,病
page83_char009.png,处
page83_char010.png,uncertain
page83_char011.png,夫
page83_char012.png,候
page83_char013.png,回
page83_char014.png,乘
page83_char015.png,散
page83_char016.png,仰
page83_char017.png,散
page83_char018.png,之
page83_char019.png,候
page83_char020.png,身
page83_char021.png,uncertain
page83_char022.png,病
page83_char023.png,夹
page83_char024.png,uncertain
page83_char025.png,麟
page83_char026.png,分
page83_char027.png,转
page83_char028.png,温
page83_char029.png,过
page83_char030.png,回
page83_char031.png,胎
page83_char032.png,麒
page83_char033.png,之
page83_char034.png,上
page83_char035.png,卧
page83_char036.png,uncertain
page83_char037.png,uncertain
page83_char038.png,uncertain
page83_char039.png,uncertain
page83_char040.png,uncertain
page83_char041.png,嚾
page83_char042.png,练
page83_char043.png,重
page83_char044.png,以